model_and_part,layer_idx,s_values,unfolding_mode,keep
bert_output,0,"[3.6837513 3.6171682 3.564931  3.5627096 3.5450153 3.5202389 3.5130262
 3.4965155 3.4835927 3.4781392 3.4697194 3.466762  3.4443932 3.4422598
 3.4370496 3.4300754 3.420848  3.4126499 3.40334   3.3980563 3.3832533
 3.3797874 3.3775733 3.3688467 3.3614676 3.3583937 3.3568556 3.3528447
 3.34575   3.3389256 3.334737  3.3294654 3.327058  3.3169596 3.312968
 3.3067684 3.3054245 3.3037717 3.300255  3.294174  3.2926862 3.286617
 3.2827713 3.2749643 3.2693543 3.2689395 3.2608654 3.2561412 3.2552216
 3.250628  3.241538  3.2381163 3.2342901 3.2331002 3.2262425 3.220609
 3.2153878 3.213213  3.2065039 3.2036357 3.1986327 3.1974392 3.1931639
 3.1892986 3.1859064 3.1807275 3.176276  3.1741712 3.1684794 3.1660926
 3.1626446 3.1566658 3.1542385 3.1508577 3.143247  3.1419785 3.136087
 3.1351035 3.127049  3.1251805 3.1225405 3.1194956 3.1148593 3.1123888
 3.1105165 3.1063826 3.1042926 3.1010008 3.0982008 3.0945072 3.0901792
 3.0874853 3.0805845 3.0797653 3.076752  3.0733614 3.0685134 3.0671325
 3.0630977 3.0597436 3.0582871 3.052289  3.050428  3.0475948 3.04602
 3.0422146 3.037894  3.0341349 3.031606  3.0276642 3.0270784 3.0219107
 3.018266  3.0145295 3.0138278 3.0086298 3.0046394 2.9997888 2.9966662
 2.995214  2.9890592 2.9878998 2.9841962 2.9813855 2.9768877 2.9756227
 2.9734826 2.9700801 2.9633434 2.960364  2.958509  2.9566402 2.9539053
 2.952397  2.948789  2.943281  2.9421272 2.9398465 2.9352434 2.933611
 2.9318578 2.9280827 2.9262006 2.9241188 2.920126  2.9173825 2.912111
 2.9098063 2.9017813 2.899375  2.8973076 2.8966398 2.895604  2.8885243
 2.887937  2.8827317 2.8809624 2.8802423 2.8742857 2.8699543 2.8693848
 2.8651443 2.8615043 2.8592088 2.8565962 2.8523102 2.8510268 2.849614
 2.8462873 2.8430297 2.8365595 2.8350532 2.8312535 2.8281243 2.8262384
 2.8192813 2.8179457 2.8171887 2.8126988 2.8098629 2.8060956 2.8020353
 2.8011026 2.7975135 2.7954788 2.7920456 2.788281  2.7869806 2.7834733
 2.779746  2.7769785 2.7754312 2.7734072 2.766898  2.762959  2.7603004
 2.7587996 2.7581518 2.7542653 2.7521734 2.74806   2.746953  2.7429187
 2.7413194 2.7402148 2.73659   2.7319121 2.7283106 2.7252357 2.7243385
 2.7203195 2.7178106 2.713053  2.7075286 2.7058597 2.701822  2.699179
 2.6976624 2.6963003 2.6916747 2.6889648 2.685143  2.6819272 2.6794488
 2.6760848 2.671797  2.6697814 2.666569  2.6655376 2.6609278 2.6595304
 2.6566231 2.6547368 2.651555  2.6493917 2.647561  2.6409082 2.6398103
 2.637883  2.6337423 2.6297672 2.6258304 2.6249855 2.6190436 2.6176648
 2.6155148 2.6132233 2.6122918 2.6065843 2.6039433 2.6002953 2.5975347
 2.5946286 2.592889  2.5904722 2.5869243 2.5829709 2.5762777 2.5739307
 2.5704675 2.5702755 2.568346  2.5654154 2.5622394 2.559788  2.55539
 2.5531921 2.5506804 2.5464709 2.5449476 2.538423  2.5356371 2.5322425
 2.5297468 2.5272322 2.522642  2.5204113 2.515994  2.5138025 2.510321
 2.5076735 2.505461  2.5022464 2.4969387 2.494958  2.4916553 2.4888053
 2.48659   2.481713  2.4790976 2.476477  2.474601  2.4719374 2.4671175
 2.4656527 2.4627366 2.457871  2.4539604 2.4489896 2.4469507 2.4435718
 2.4416752 2.4396014 2.435745  2.4322476 2.427889  2.4257438 2.4222937
 2.4190176 2.4161928 2.4108336 2.407797  2.404732  2.4018369 2.400597
 2.395224  2.392435  2.3905046 2.3831506 2.3816698 2.3806026 2.3790474
 2.3738914 2.368914  2.3671227 2.3636155 2.358681  2.3562157 2.3502865
 2.3469791 2.3438451 2.3425946 2.3400033 2.3380096 2.3332705 2.3303325
 2.3262243 2.3236477 2.3186696 2.314487  2.309515  2.3036287 2.3025918
 2.2962875 2.2942708 2.290875  2.28646   2.2840106 2.2776995 2.276044
 2.2747843 2.2736197 2.2720299 2.2671463 2.2623963 2.2576585 2.2517319
 2.2455378 2.2414773 2.236781  2.2325013 2.2308912 2.220532  2.2149057
 2.2125566 2.2062151 2.205218  2.202706  2.194601  2.1894727 2.1879046
 2.1764867 2.1705282 2.163794  2.162158  2.154193  2.1533456 2.1465967
 2.1356823 2.129453  2.124783  2.121629  2.100899  2.0879834]",0,False
bert_output,0,[2.9799008  2.9041011  2.888495   ... 0.5933987  0.58574224 0.5652157 ],1,False
bert_output,0,"[4.159025  4.078451  4.067758  4.0535326 4.0369587 4.0266066 4.0145082
 3.986599  3.9816856 3.9729667 3.9564352 3.9482033 3.9420397 3.9334328
 3.9293845 3.9286747 3.9115405 3.9072707 3.8982282 3.8935106 3.8877704
 3.8804247 3.8716388 3.8632572 3.8609228 3.8583968 3.846444  3.8421438
 3.8320453 3.8243964 3.821914  3.8197095 3.8141215 3.8134263 3.798669
 3.793362  3.7887456 3.7818563 3.7784266 3.77456   3.7708104 3.7694836
 3.7573879 3.7552834 3.7498958 3.7483113 3.7433295 3.7350116 3.7324438
 3.7262094 3.7219522 3.7191548 3.712079  3.7087903 3.7050323 3.6988852
 3.6930285 3.6915073 3.6869576 3.6807218 3.6791778 3.6780753 3.6727705
 3.6665547 3.661859  3.658255  3.6518846 3.647532  3.6448522 3.640546
 3.6345441 3.631982  3.6309347 3.6264846 3.6222157 3.620718  3.6127357
 3.6082993 3.604234  3.596371  3.594211  3.5931938 3.5888577 3.585751
 3.5823078 3.5737576 3.568153  3.5661263 3.5615416 3.5569115 3.5565238
 3.5499506 3.5460289 3.5447116 3.537312  3.535011  3.5327177 3.5316846
 3.5243993 3.5227585 3.5187616 3.5165854 3.5117602 3.5082958 3.4994147
 3.498567  3.4941769 3.490526  3.485181  3.4837942 3.4803631 3.4760914
 3.4723115 3.4668865 3.464403  3.4591365 3.457324  3.4523983 3.448895
 3.4457085 3.4428363 3.440081  3.4364855 3.4333415 3.4322062 3.4258885
 3.4207237 3.4189174 3.4182985 3.4134517 3.4081044 3.4065373 3.4044414
 3.400986  3.393372  3.389756  3.3870504 3.3851292 3.3807554 3.3778257
 3.3730752 3.3687744 3.3648562 3.35957   3.3583875 3.3537369 3.3498304
 3.3442466 3.3431065 3.3395689 3.3355799 3.3327045 3.3314514 3.3281949
 3.322975  3.3207746 3.317247  3.313108  3.311893  3.3060403 3.3043783
 3.299668  3.289966  3.2848508 3.2783773 3.2772343 3.2768512 3.271205
 3.2648058 3.2617538 3.260322  3.2556083 3.253698  3.2514546 3.244617
 3.2426317 3.235892  3.2329473 3.2291923 3.2280512 3.2262297 3.2189727
 3.2174609 3.2161107 3.2099798 3.2073658 3.2029674 3.1954458 3.193267
 3.1918037 3.1877182 3.182436  3.1803458 3.1749861 3.1690507 3.1677473
 3.1605752 3.1572318 3.1549404 3.149326  3.1479945 3.1450062 3.1394687
 3.1352017 3.133494  3.1280441 3.1245894 3.1210618 3.1189144 3.1137214
 3.1090002 3.1070309 3.0990877 3.0983255 3.0901747 3.0877852 3.081059
 3.078885  3.0750513 3.069697  3.0666704 3.0624065 3.0532818 3.0513895
 3.0463188 3.0422397 3.040398  3.0312798 3.0306401 3.0255544 3.014375
 3.010653  3.007205  3.0019343 3.0009496 2.9959068 2.992769  2.987608
 2.9796736 2.9713566 2.966223  2.953493  2.9507792 2.9485483 2.939383
 2.9342616 2.9299204 2.9182594 2.9121866 2.909554  2.8995817 2.8909678
 2.882557  2.8770235 2.8521116 2.8460684]",2,False
bert_output,1,"[4.196082  4.0204234 3.995962  3.9436004 3.8948002 3.8626778 3.8418834
 3.7964041 3.74506   3.728035  3.7051382 3.6847987 3.6700149 3.6652484
 3.6595328 3.6451495 3.6364968 3.6280751 3.626968  3.6096668 3.6018689
 3.5910916 3.5877328 3.5850048 3.5756776 3.5710702 3.5651395 3.5602012
 3.5565705 3.5513873 3.5421734 3.5330257 3.5290918 3.5219846 3.5172918
 3.5115275 3.5056407 3.499735  3.4922638 3.4883478 3.4809148 3.4756632
 3.4697428 3.4677536 3.460705  3.4572875 3.4522057 3.4484303 3.4439757
 3.4389396 3.4345205 3.4311514 3.4248927 3.419169  3.414006  3.4116607
 3.4080305 3.4012096 3.398814  3.3914363 3.3863628 3.384236  3.3830428
 3.3798053 3.369511  3.3668287 3.3627589 3.3622184 3.3529208 3.3516734
 3.3403256 3.339206  3.334822  3.3316686 3.329256  3.324462  3.3212972
 3.3135753 3.31177   3.309327  3.302748  3.2986937 3.2912726 3.2898293
 3.2852635 3.2789695 3.2744508 3.2696729 3.2690141 3.2624664 3.259815
 3.2572615 3.2530367 3.2489095 3.2443557 3.2395108 3.2375157 3.2357101
 3.2287538 3.2260616 3.223322  3.221245  3.21888   3.2137053 3.2071705
 3.2069755 3.2030456 3.1977844 3.1960192 3.18958   3.1869478 3.182263
 3.1782713 3.176737  3.174036  3.1713479 3.1704133 3.165249  3.159222
 3.1580374 3.1533518 3.151773  3.1494296 3.1459079 3.1381316 3.1353333
 3.128361  3.1245458 3.1199417 3.119656  3.1161544 3.1139758 3.1082804
 3.106662  3.1034503 3.100668  3.0988493 3.0968666 3.09183   3.0851276
 3.082881  3.0809748 3.0768547 3.0750182 3.0715556 3.069452  3.065834
 3.0600336 3.0570216 3.0528553 3.051862  3.0437994 3.043097  3.0400796
 3.0365899 3.0329795 3.0308359 3.026096  3.0244062 3.0193732 3.0153027
 3.013625  3.0111554 3.0058696 3.0033967 2.9977903 2.9965363 2.9930859
 2.988347  2.9868927 2.985051  2.9827209 2.9773607 2.973343  2.9728377
 2.9673343 2.9638867 2.9599621 2.9577847 2.95526   2.9533865 2.9503016
 2.948948  2.9444945 2.941052  2.9366474 2.932989  2.9296424 2.9266324
 2.9222362 2.920805  2.9188647 2.9162114 2.9127412 2.9055927 2.903813
 2.902721  2.8980892 2.8927922 2.8893952 2.8885853 2.8842528 2.882795
 2.877199  2.874522  2.8716621 2.8677197 2.8673334 2.8629668 2.857151
 2.8543262 2.8535616 2.8503942 2.8474863 2.844758  2.8429542 2.841549
 2.837304  2.8347082 2.8314626 2.8279383 2.8274922 2.820366  2.814916
 2.81111   2.8097982 2.807606  2.807256  2.7995644 2.7961798 2.794273
 2.7918146 2.7903838 2.7854507 2.781374  2.7795262 2.7753122 2.7724993
 2.7711246 2.7685022 2.7623103 2.7604182 2.758311  2.754922  2.7483332
 2.7462022 2.7431514 2.7409635 2.7374666 2.7350984 2.7315204 2.7304227
 2.7289016 2.7268178 2.7167785 2.7157645 2.7131207 2.7084165 2.7071738
 2.7042854 2.700198  2.697258  2.6939518 2.6925075 2.688331  2.6872835
 2.6857164 2.6806672 2.6783385 2.6757374 2.6718576 2.6676328 2.6673975
 2.662473  2.661036  2.656446  2.6538243 2.647689  2.6451275 2.6448085
 2.6407146 2.6374385 2.6351812 2.6290197 2.6286106 2.6239262 2.6154268
 2.6144624 2.6121497 2.6098702 2.6056776 2.6043653 2.6006956 2.5954523
 2.5914273 2.588511  2.5868366 2.5790484 2.5782962 2.5741677 2.5702944
 2.5683467 2.5659463 2.5634894 2.5582805 2.554746  2.550605  2.5483787
 2.5465739 2.5429504 2.5376613 2.5362334 2.5322168 2.5276766 2.524751
 2.5223563 2.521397  2.515802  2.5131345 2.5065236 2.502284  2.5001998
 2.49416   2.4901161 2.4894433 2.4860046 2.4788501 2.4761803 2.4707448
 2.4683514 2.4657168 2.461505  2.4558594 2.453754  2.4513159 2.4495347
 2.445276  2.440118  2.4358566 2.4318485 2.4286003 2.4248073 2.423249
 2.4161177 2.4115622 2.407707  2.4020944 2.4000256 2.397488  2.3943272
 2.3888953 2.3825953 2.377719  2.372025  2.369279  2.3662293 2.3584664
 2.3554952 2.3540208 2.3473158 2.341053  2.3349369 2.3317082 2.3287296
 2.3237998 2.319832  2.314133  2.3101842 2.3058565 2.3023207 2.2994275
 2.288106  2.286569  2.277831  2.2741985 2.2676048 2.2653043 2.2507076
 2.249367  2.2431562 2.2339706 2.224575  2.2195175 2.217526 ]",0,False
bert_output,1,[3.7085764 3.5267942 3.3152788 ... 0.6184407 0.6098734 0.6017707],1,False
bert_output,1,"[4.726943  4.6248026 4.544478  4.493917  4.438819  4.4151893 4.384654
 4.3592277 4.338568  4.2958508 4.260082  4.2463813 4.229937  4.2252536
 4.2009697 4.1967063 4.1735325 4.157635  4.138703  4.1303854 4.1268125
 4.113602  4.103705  4.0976834 4.0790067 4.077693  4.068937  4.0634627
 4.058265  4.049533  4.0429955 4.036343  4.024538  4.0136857 4.0116286
 4.008099  4.002571  3.9987345 3.9959047 3.9917095 3.982102  3.9739473
 3.9687986 3.9625707 3.956917  3.9535158 3.9466543 3.945402  3.9348607
 3.9284208 3.9250264 3.9200175 3.916919  3.9136913 3.9115715 3.9069684
 3.902298  3.8924685 3.8906488 3.8885741 3.8818448 3.8766928 3.8704398
 3.8627357 3.860651  3.8543231 3.8525426 3.8501253 3.8457212 3.8380272
 3.835166  3.828746  3.824471  3.819463  3.8147168 3.8122914 3.8041673
 3.8009675 3.7987802 3.7968066 3.7880993 3.7840924 3.781118  3.7770865
 3.7747602 3.7719898 3.7663326 3.7646565 3.7578251 3.755406  3.7516227
 3.7491946 3.74403   3.7390683 3.732887  3.7264342 3.7232912 3.7195952
 3.7138796 3.7107668 3.7062392 3.7022693 3.69491   3.6873417 3.685382
 3.680493  3.677845  3.6740425 3.6682398 3.6648448 3.6620872 3.6587503
 3.6552732 3.6482568 3.6465282 3.642674  3.6408222 3.6324384 3.6320894
 3.6277175 3.6270244 3.622985  3.6212392 3.6137528 3.6083906 3.6024241
 3.5968525 3.5928369 3.5904279 3.5892036 3.586651  3.5829492 3.5783207
 3.5772126 3.5702055 3.5669672 3.5659213 3.562066  3.5595    3.5498943
 3.5488312 3.545208  3.534639  3.533004  3.5271704 3.5249016 3.5214684
 3.5171893 3.5114946 3.5082855 3.5018165 3.4990096 3.4973738 3.4938085
 3.4921398 3.4882915 3.478636  3.4754863 3.474611  3.4702117 3.4644878
 3.4633791 3.4606423 3.457978  3.4562695 3.451648  3.4481287 3.4437058
 3.434607  3.4319255 3.4267156 3.4258158 3.4202094 3.4180384 3.4140465
 3.4071033 3.4044824 3.4028602 3.3964744 3.3922687 3.3906436 3.382881
 3.372703  3.371043  3.367077  3.3632953 3.3582304 3.354257  3.3525255
 3.3452995 3.343636  3.3398082 3.3358529 3.3335567 3.328635  3.3275304
 3.321477  3.3151157 3.3101761 3.309346  3.3071337 3.3001146 3.2973802
 3.294648  3.286607  3.2839239 3.2727985 3.2715154 3.2660975 3.2631438
 3.2627358 3.255014  3.2463741 3.2416682 3.2374408 3.2349658 3.2305686
 3.223267  3.219874  3.2185564 3.212983  3.2083101 3.1986294 3.1950593
 3.191763  3.1868005 3.1792142 3.1757503 3.1719463 3.1702216 3.1620326
 3.1578119 3.1551456 3.1458926 3.141615  3.1372874 3.1362755 3.129336
 3.1255243 3.1158724 3.1135366 3.1078796 3.1008031 3.0956793 3.0894904
 3.0855663 3.0726752 3.0663311 3.058914  3.0513108 3.0440176 3.0377507
 3.0323076 3.0100775 3.007163  2.9810188]",2,False
bert_output,2,"[4.6086483 4.3498783 3.8282895 3.7625773 3.7498846 3.7349265 3.724318
 3.7139096 3.6997817 3.69089   3.6858568 3.6828735 3.660473  3.6524854
 3.651517  3.64522   3.6417658 3.6381497 3.622506  3.614136  3.612752
 3.6095164 3.5952315 3.5922437 3.5906782 3.5840125 3.5799541 3.5719342
 3.5659044 3.5651286 3.5562267 3.5518773 3.5450516 3.5429697 3.5343163
 3.5324402 3.5272617 3.5242724 3.522251  3.5176673 3.512432  3.5077693
 3.502734  3.4900303 3.4877317 3.4854105 3.4784377 3.4754834 3.4674642
 3.4625456 3.4613929 3.4547863 3.4544957 3.4468362 3.4447615 3.438179
 3.4337378 3.428394  3.4235148 3.4180367 3.415242  3.41095   3.4065
 3.405621  3.4000092 3.3974903 3.3948493 3.3867188 3.3861196 3.3828433
 3.3818057 3.3716033 3.3697042 3.365954  3.3620741 3.353342  3.3509429
 3.347094  3.3424723 3.3392258 3.3360062 3.3350983 3.3279312 3.3268912
 3.3200104 3.3140788 3.312006  3.305146  3.3030503 3.299557  3.295545
 3.2927554 3.2889018 3.2831917 3.2801023 3.2776725 3.2765005 3.2723215
 3.2703855 3.2631266 3.259344  3.2580829 3.2522352 3.2484093 3.245604
 3.2428455 3.2394357 3.2357028 3.2328227 3.2245362 3.2229595 3.2201564
 3.218243  3.213328  3.2094083 3.2089117 3.2057393 3.2020106 3.1980252
 3.1932545 3.1887035 3.1864266 3.1821578 3.181103  3.1771472 3.170958
 3.1693277 3.1648765 3.1637044 3.1600192 3.1542757 3.1522603 3.1484106
 3.1465414 3.1417444 3.1393917 3.1330805 3.131983  3.1276295 3.122587
 3.1209197 3.1204262 3.116996  3.1142676 3.1098034 3.1019857 3.1017818
 3.0994205 3.0972328 3.0953152 3.088399  3.0870476 3.0835419 3.0754414
 3.0729177 3.067682  3.0669947 3.0643508 3.06298   3.0557723 3.0505798
 3.0465872 3.046192  3.043271  3.0395052 3.0373313 3.0326078 3.0308304
 3.0269675 3.024041  3.0217335 3.0195243 3.01389   3.013707  3.0092247
 3.0075998 3.0051472 3.0015068 2.999987  2.9952967 2.994278  2.9891336
 2.987144  2.9846406 2.9755845 2.9725316 2.966003  2.9627633 2.9597013
 2.959411  2.9572282 2.9529035 2.9502668 2.9475083 2.944437  2.9425166
 2.9378781 2.93487   2.9334276 2.9272342 2.923874  2.921672  2.9185777
 2.9168758 2.915095  2.9111176 2.9062605 2.9037004 2.9014285 2.8984227
 2.891749  2.889542  2.8857515 2.8816426 2.879497  2.8779848 2.8757718
 2.8746297 2.870528  2.8665862 2.8618183 2.857164  2.8544369 2.8533459
 2.850474  2.8486304 2.8417466 2.839149  2.8372462 2.8338473 2.8276784
 2.8267887 2.825073  2.8209019 2.819977  2.815042  2.8106127 2.8087192
 2.8052018 2.8033068 2.7986224 2.7950327 2.794714  2.7907183 2.7893395
 2.7866476 2.7832913 2.7810483 2.7771268 2.7729661 2.7685568 2.7663357
 2.763339  2.7612178 2.758149  2.7560735 2.7534003 2.7481434 2.7449598
 2.7410662 2.7376928 2.735944  2.732625  2.7302194 2.7264562 2.7228067
 2.7193422 2.7164786 2.7142758 2.7096415 2.7061708 2.701661  2.7013955
 2.6981015 2.6947424 2.6899986 2.6894252 2.6843827 2.6819491 2.6806698
 2.6780684 2.6748989 2.668145  2.6654541 2.663222  2.660012  2.657469
 2.651001  2.6484585 2.6460056 2.6419015 2.638086  2.6352448 2.632072
 2.6274674 2.6263773 2.6246634 2.619576  2.6157076 2.6146445 2.6080263
 2.6023238 2.601119  2.599709  2.5948772 2.5930955 2.5887346 2.5846946
 2.5795963 2.576635  2.5757797 2.5697505 2.564669  2.562145  2.5586154
 2.5505307 2.5478914 2.5447836 2.5390654 2.5371587 2.5348763 2.5284002
 2.5259688 2.522087  2.5191    2.5173368 2.514991  2.5095525 2.506484
 2.5044682 2.5000985 2.494595  2.4885478 2.4857244 2.4841046 2.4784324
 2.4773054 2.4719672 2.4715304 2.4694307 2.4659739 2.4620621 2.458999
 2.4541702 2.451594  2.4432876 2.441193  2.435797  2.4312017 2.4268532
 2.4219148 2.4214659 2.4188933 2.41358   2.4056866 2.4046972 2.3996701
 2.3960192 2.3917398 2.3875232 2.3821619 2.3775177 2.3709993 2.3688557
 2.36694   2.3567176 2.3508604 2.3438056 2.3394709 2.3351638 2.3324451
 2.321913  2.3178637 2.314156  2.3071902 2.3027608 2.293935  2.291546
 2.2861998 2.275985  2.2614496 2.2530885 2.2462506 2.2401178]",0,False
bert_output,2,[4.0291185  3.6406944  3.207917   ... 0.6291646  0.6252921  0.61886877],1,False
bert_output,2,"[5.1057034 4.6808968 4.3986535 4.378389  4.358376  4.2882957 4.283965
 4.277706  4.2513766 4.2372956 4.2313404 4.2242746 4.21123   4.196012
 4.185832  4.18277   4.1775527 4.1733336 4.161764  4.1571903 4.1454883
 4.136035  4.126419  4.1177983 4.114694  4.113652  4.105992  4.1000366
 4.0916038 4.082915  4.073473  4.0685368 4.0662217 4.06127   4.0571637
 4.0520673 4.0489845 4.042602  4.031014  4.0296364 4.020041  4.018298
 4.009983  4.0062275 4.001065  3.9919288 3.9867036 3.9843078 3.980686
 3.973614  3.971875  3.9676208 3.9601195 3.9544296 3.9493728 3.9448051
 3.939875  3.9373472 3.9293942 3.9255755 3.9207528 3.9200635 3.9128447
 3.9097168 3.9079607 3.9039516 3.898497  3.8936455 3.8878527 3.8852234
 3.8823652 3.878277  3.87555   3.8722892 3.8661141 3.8622847 3.858764
 3.8525605 3.845754  3.8384905 3.8328633 3.8293347 3.8276956 3.8235085
 3.819887  3.814432  3.8105624 3.8068054 3.7996361 3.794336  3.7911522
 3.7878804 3.7818313 3.781597  3.7755318 3.7728622 3.7676494 3.7628882
 3.7583618 3.7559733 3.7527833 3.7514415 3.7445066 3.7389803 3.7348444
 3.7327435 3.7298405 3.7261763 3.7134778 3.713013  3.709155  3.7060387
 3.6999133 3.6973782 3.6951456 3.6914067 3.6844876 3.6827407 3.6802552
 3.669345  3.667127  3.6634707 3.658362  3.6555004 3.651837  3.6498516
 3.649098  3.6455145 3.6436725 3.6367087 3.632003  3.6275358 3.6235929
 3.6206903 3.6168308 3.6119378 3.608239  3.6028147 3.6017413 3.5943134
 3.587618  3.5868282 3.5812697 3.5790858 3.5761235 3.5734    3.5656593
 3.561606  3.5599976 3.555817  3.552919  3.5487194 3.544594  3.5387821
 3.5367157 3.5352833 3.5289228 3.5266304 3.5197098 3.5173807 3.5100532
 3.508874  3.5047817 3.5026174 3.4966319 3.4949033 3.4927027 3.4856787
 3.4845016 3.478155  3.4738967 3.467184  3.4630704 3.4586072 3.4540145
 3.4504027 3.4483051 3.4456155 3.4428563 3.4408069 3.4334414 3.431496
 3.4280696 3.4227295 3.417349  3.410251  3.407374  3.4060345 3.4003167
 3.3979354 3.3926122 3.3829553 3.3823032 3.3802652 3.376753  3.3759801
 3.370664  3.3662703 3.3645275 3.361018  3.351444  3.3468838 3.3425393
 3.335056  3.3341103 3.3254776 3.3184993 3.3181806 3.3159802 3.3114967
 3.3049545 3.3032215 3.3006303 3.2968335 3.285554  3.284819  3.2800653
 3.2775104 3.2752316 3.2679348 3.2659261 3.2584555 3.2544084 3.24939
 3.242811  3.2405667 3.2311506 3.2218022 3.2212045 3.2185547 3.211541
 3.204542  3.2025597 3.1989858 3.1941276 3.1851757 3.177237  3.1687527
 3.1580899 3.151678  3.1467369 3.1445382 3.1377354 3.1325345 3.1248016
 3.1167269 3.1102908 3.1031446 3.090557  3.083626  3.0787606 3.0663745
 3.0578415 3.0412471 3.0350378 3.019848 ]",2,False
bert_output,3,"[7.2858996 7.004069  5.177542  4.5578375 3.8207352 3.7947657 3.789749
 3.7749574 3.77383   3.755799  3.744046  3.740834  3.7316668 3.7247105
 3.7119007 3.7070253 3.7059212 3.6939867 3.6900947 3.6812096 3.6768353
 3.6729844 3.665214  3.6593292 3.6537986 3.650796  3.6485667 3.6381025
 3.6284444 3.6250114 3.6206486 3.615568  3.610019  3.6030045 3.5959666
 3.5932045 3.588095  3.580061  3.572994  3.5684404 3.5632625 3.5613153
 3.5563104 3.5510278 3.5446439 3.5392585 3.5363972 3.5329766 3.5268564
 3.5251474 3.5184176 3.512591  3.5115676 3.5080414 3.49884   3.495271
 3.4850564 3.481451  3.47722   3.4719937 3.4662714 3.4602096 3.459352
 3.453695  3.4513438 3.4500072 3.4453256 3.4402568 3.4364853 3.4311352
 3.4298017 3.4285676 3.4214664 3.4183085 3.4145548 3.412296  3.4079099
 3.3982713 3.3979042 3.3965507 3.390797  3.3882272 3.3838336 3.3798053
 3.378496  3.3687139 3.3668032 3.3601952 3.3559494 3.3532608 3.347758
 3.344972  3.3399246 3.3364224 3.3338418 3.330355  3.3269217 3.3216438
 3.3203716 3.3142095 3.3120146 3.309226  3.3033924 3.3007128 3.296703
 3.2960496 3.293901  3.2904012 3.2830021 3.280625  3.276212  3.2738662
 3.27018   3.2627456 3.2607596 3.2598414 3.2582405 3.2483592 3.2460027
 3.2418554 3.2380235 3.2356582 3.2331269 3.2301214 3.2289045 3.2234757
 3.2201746 3.2161548 3.2133675 3.2111616 3.2063382 3.2044923 3.2018464
 3.1994848 3.1958048 3.1923132 3.1894097 3.18882   3.1818194 3.1750126
 3.1726854 3.165865  3.164822  3.163127  3.161938  3.1573286 3.153256
 3.150168  3.1469226 3.1424756 3.1401641 3.1370504 3.1299422 3.1272066
 3.1238077 3.1199193 3.1168587 3.1151452 3.109242  3.1065736 3.103941
 3.1031733 3.1005023 3.0960274 3.0911086 3.0867448 3.0858943 3.0828447
 3.076127  3.0723813 3.069347  3.0685341 3.0615513 3.0593734 3.056256
 3.0536292 3.052523  3.0486524 3.0425334 3.041158  3.0391219 3.0337515
 3.0320158 3.0286043 3.0250142 3.0218682 3.020579  3.01885   3.0135865
 3.0112903 3.0086608 3.00432   3.0002415 2.99564   2.9953952 2.9920444
 2.9881177 2.9862146 2.9799957 2.9764798 2.9738278 2.9726353 2.9684017
 2.9662457 2.9613822 2.9584854 2.954971  2.950622  2.9476037 2.944837
 2.9419944 2.935605  2.9316962 2.9305594 2.9254396 2.9229188 2.9208536
 2.916359  2.9132066 2.9101546 2.9039178 2.9020689 2.8996801 2.8958638
 2.8913314 2.8890655 2.8847265 2.8820512 2.8775518 2.8756452 2.8723915
 2.8710647 2.8682692 2.8642783 2.8640616 2.8588128 2.858377  2.8538964
 2.8500316 2.8492284 2.8466532 2.8441324 2.8403485 2.8376245 2.8341508
 2.8315985 2.8285174 2.8260527 2.821385  2.8190055 2.816978  2.8095536
 2.808218  2.8056812 2.801412  2.8000522 2.7976198 2.794357  2.7900443
 2.7867906 2.781823  2.7795494 2.774424  2.771344  2.7658956 2.7628975
 2.7621758 2.7595472 2.754752  2.7510862 2.746593  2.7453685 2.7430613
 2.7387178 2.7374272 2.730831  2.7242992 2.722723  2.71974   2.7100494
 2.7081816 2.7067175 2.704674  2.7020392 2.6997619 2.697735  2.6951709
 2.6922224 2.6852655 2.6812367 2.6789417 2.6743376 2.6716995 2.671055
 2.6691787 2.6599998 2.6587415 2.6549575 2.6529    2.6484365 2.6434598
 2.6392086 2.6367755 2.635192  2.6333892 2.6305077 2.6255474 2.6228046
 2.6209562 2.6153855 2.611857  2.6071415 2.6057746 2.6043386 2.6003885
 2.5950353 2.5941038 2.592743  2.5884392 2.5855758 2.5819273 2.579495
 2.5748131 2.5647984 2.5616353 2.5564609 2.5553088 2.5474494 2.5469177
 2.5418563 2.537467  2.5355923 2.5348628 2.5280979 2.524237  2.521174
 2.5210202 2.5158396 2.5143113 2.5063512 2.5019953 2.4992192 2.4953818
 2.491205  2.4874325 2.4842827 2.4745972 2.4728787 2.4707255 2.4653616
 2.4625392 2.4579694 2.4551055 2.4477532 2.4447634 2.4421816 2.4375985
 2.4335058 2.4288297 2.4221907 2.417632  2.4162626 2.40726   2.4027653
 2.3988848 2.394058  2.390518  2.3775246 2.3766959 2.3734865 2.3678627
 2.364029  2.35519   2.3505347 2.341182  2.337538  2.3349733 2.326014
 2.318049  2.3055954 2.3027356 2.292222  2.2893152 2.2830768]",0,True
bert_output,3,[6.9868064  6.6045074  4.711422   ... 0.64092517 0.6397102  0.62129015],1,True
bert_output,3,"[9.836941  5.5940003 5.0284743 4.370317  4.3416357 4.3340273 4.3080096
 4.307131  4.2926855 4.2868266 4.276347  4.262131  4.2589636 4.249606
 4.244651  4.236682  4.224292  4.2208314 4.2139497 4.2049375 4.1986933
 4.1937933 4.1870003 4.180508  4.1768837 4.1703706 4.165882  4.155817
 4.1455574 4.1445203 4.1342616 4.130014  4.1230702 4.1214113 4.1165986
 4.108694  4.108201  4.097064  4.0932603 4.0868587 4.085422  4.0779524
 4.0735497 4.071511  4.060873  4.0531883 4.046758  4.0446296 4.042849
 4.0387955 4.037484  4.0287294 4.0259    4.01995   4.016672  4.01151
 4.0072675 4.003741  3.9950528 3.9849856 3.9789338 3.9754386 3.9731917
 3.9707234 3.9633126 3.9598818 3.9590445 3.9539237 3.9499686 3.944399
 3.9351547 3.9309306 3.9255323 3.9226327 3.9180346 3.9121356 3.9075794
 3.9038043 3.9012108 3.8948438 3.8916628 3.8891647 3.8846476 3.8793938
 3.8775148 3.8721972 3.8676496 3.8640454 3.8597393 3.8549957 3.8489082
 3.8460367 3.844933  3.8405051 3.8348632 3.8321688 3.8297763 3.8248305
 3.8205276 3.815079  3.8110147 3.8077106 3.8005168 3.7960246 3.7906435
 3.7867377 3.783817  3.7822182 3.7734108 3.7712564 3.765557  3.7647064
 3.7609227 3.758117  3.7485712 3.7456737 3.735143  3.7340064 3.730979
 3.7294    3.725373  3.7198977 3.717192  3.7148325 3.7121274 3.706742
 3.7029872 3.7004917 3.6972783 3.6933794 3.6906395 3.682823  3.6788604
 3.673621  3.6705544 3.666676  3.6657274 3.6619344 3.6592476 3.6541116
 3.6504426 3.6455762 3.6421936 3.638352  3.635149  3.631416  3.6274796
 3.6248047 3.6226096 3.615103  3.6080074 3.602677  3.6013796 3.598822
 3.5916853 3.5877712 3.5863223 3.5854337 3.5790908 3.575085  3.5723455
 3.5698333 3.5635912 3.5624495 3.560102  3.5532317 3.5470629 3.5430236
 3.5374002 3.535305  3.5292003 3.5261943 3.5232835 3.5226629 3.5144722
 3.5139089 3.511438  3.5091307 3.4972754 3.4942303 3.4886858 3.4872735
 3.4840338 3.4768803 3.4740179 3.4690142 3.4626245 3.4583733 3.4533038
 3.4526093 3.450528  3.443291  3.4410398 3.4343944 3.4283278 3.4265876
 3.4208999 3.4165344 3.4131315 3.4063783 3.4022095 3.397037  3.3939643
 3.389906  3.3834872 3.374663  3.370301  3.3686287 3.3672862 3.3650274
 3.3642452 3.3577068 3.3541682 3.3507166 3.3424475 3.3389776 3.3370402
 3.3326838 3.330411  3.3244407 3.322621  3.3141255 3.3083553 3.3054175
 3.2979176 3.2903    3.2875721 3.2789345 3.2758605 3.272113  3.269715
 3.2673192 3.2553294 3.2503772 3.2439065 3.240601  3.2391677 3.2329571
 3.2282248 3.2259357 3.2155461 3.2027466 3.192197  3.1864116 3.1847043
 3.175102  3.1737099 3.17228   3.1527925 3.1516175 3.140336  3.1354227
 3.1262765 3.1165528 3.1085355 3.0931492]",2,True
bert_output,4,"[7.629943  4.538521  4.04214   3.9040225 3.8840191 3.8806803 3.864279
 3.8588731 3.8413544 3.8381877 3.8323603 3.8242383 3.816553  3.8078635
 3.8052418 3.787888  3.782071  3.7773392 3.7674806 3.7609046 3.755463
 3.746575  3.7377636 3.7339132 3.7275457 3.7219439 3.716002  3.709889
 3.7015052 3.6954129 3.6870623 3.6853478 3.683391  3.6768756 3.6681678
 3.6615105 3.6548111 3.649706  3.6418054 3.6348412 3.6306849 3.629076
 3.625818  3.618738  3.6167147 3.611927  3.6064615 3.6032786 3.5995388
 3.5952578 3.593963  3.5848577 3.580487  3.572901  3.5718257 3.5666456
 3.5617568 3.5600784 3.5523415 3.5516133 3.5445974 3.5435457 3.537321
 3.5321193 3.5270681 3.5246825 3.51934   3.5155141 3.5130923 3.510066
 3.5018137 3.4982314 3.4910197 3.4896858 3.4863758 3.4800808 3.478377
 3.4740598 3.4721334 3.466552  3.4628932 3.456824  3.4527686 3.446829
 3.4439776 3.4413106 3.4362729 3.430173  3.426884  3.424119  3.4204907
 3.417893  3.4164364 3.410278  3.403368  3.4018207 3.400291  3.3933072
 3.3918395 3.3893561 3.385951  3.3818903 3.3798199 3.3757894 3.373243
 3.3663735 3.3618243 3.3595862 3.3572726 3.35159   3.351054  3.3430862
 3.3419328 3.338049  3.3324363 3.330753  3.3279057 3.3205428 3.3187497
 3.3169017 3.313101  3.306947  3.304116  3.2958975 3.2942975 3.2922113
 3.2887576 3.2827818 3.2814202 3.2762542 3.2741199 3.2703369 3.2662377
 3.2609534 3.258022  3.2574584 3.2544193 3.2489645 3.242283  3.2396038
 3.2337465 3.2311544 3.228249  3.2265012 3.2197788 3.2191384 3.214449
 3.2112904 3.2097442 3.2056167 3.2035635 3.197648  3.195296  3.1924524
 3.1894584 3.179299  3.177831  3.173908  3.1731157 3.169898  3.16659
 3.164229  3.159032  3.157475  3.1544952 3.1486855 3.14728   3.1461205
 3.138923  3.1382365 3.1334774 3.1321437 3.1284978 3.1246598 3.1223943
 3.1187809 3.1165257 3.1123478 3.1097324 3.1039724 3.1032243 3.0978458
 3.0948827 3.0920098 3.0893536 3.0867279 3.0830593 3.081171  3.0778286
 3.0763247 3.0690005 3.0676801 3.0649288 3.0619223 3.0612154 3.0582619
 3.0542798 3.0506823 3.0471575 3.0432014 3.0414202 3.0391273 3.0262027
 3.0256486 3.022212  3.0161986 3.0132372 3.0100725 3.0062351 3.005092
 3.0029066 2.9990585 2.9979124 2.9928699 2.988252  2.9821243 2.9812417
 2.976997  2.9696295 2.969515  2.9677174 2.9602444 2.9572525 2.95619
 2.951824  2.9512184 2.9480455 2.9446528 2.940937  2.9384012 2.9342575
 2.933291  2.926416  2.9258764 2.9228895 2.9191585 2.91731   2.912463
 2.9103312 2.9080594 2.8999429 2.897981  2.8972385 2.8900278 2.8893893
 2.8858235 2.8842194 2.8821404 2.8789248 2.873427  2.8711534 2.86666
 2.8631663 2.8586755 2.8577554 2.853574  2.848558  2.8454711 2.8437538
 2.8396952 2.837161  2.8338559 2.8286908 2.8265133 2.823541  2.8221462
 2.8186061 2.812693  2.8103426 2.8020194 2.8012269 2.796828  2.7960641
 2.7904773 2.7849922 2.7807755 2.7799966 2.7779663 2.773017  2.7695684
 2.7658198 2.7610722 2.7586462 2.7570717 2.7501154 2.747868  2.74596
 2.7406638 2.7392664 2.7355192 2.7316778 2.7265122 2.7233818 2.7204444
 2.7183754 2.7138066 2.7118707 2.7065873 2.7047353 2.6979299 2.695555
 2.6906545 2.6870449 2.6836731 2.6827097 2.674805  2.6721282 2.669413
 2.6677651 2.662049  2.6597924 2.652551  2.6506839 2.6481953 2.6448517
 2.6436634 2.6397562 2.634745  2.631656  2.6310036 2.6260822 2.6224532
 2.6105702 2.608342  2.6044626 2.6026158 2.5974624 2.5943522 2.5926054
 2.5901966 2.5860264 2.5806882 2.5775006 2.5753736 2.5707934 2.5700803
 2.5637753 2.5621872 2.5570414 2.5541067 2.5454967 2.543586  2.5379665
 2.533291  2.530575  2.5240057 2.5189083 2.5159771 2.5125258 2.5087748
 2.5019605 2.4968007 2.494073  2.4919536 2.4853714 2.4809604 2.473814
 2.4678998 2.4651287 2.4622846 2.459881  2.4556782 2.4530363 2.4441462
 2.4404585 2.434694  2.4294994 2.4265847 2.420828  2.416845  2.407796
 2.4038062 2.4001923 2.3900185 2.3869092 2.379763  2.3774228 2.3687088
 2.3620203 2.3567295 2.3470657 2.3368378 2.3234732 2.3170683]",0,True
bert_output,4,[7.1986003  3.9392824  3.3205993  ... 0.64699286 0.6344401  0.6271479 ],1,True
bert_output,4,"[8.117574  5.1138654 4.4687915 4.4534154 4.428736  4.4261208 4.416548
 4.395727  4.394653  4.3865166 4.360912  4.3583875 4.345591  4.3375163
 4.3306227 4.3246098 4.3176594 4.306084  4.3020916 4.3000255 4.295852
 4.285586  4.284673  4.2741227 4.261518  4.2573576 4.25173   4.245863
 4.2394943 4.2270956 4.2220335 4.2174354 4.209757  4.203566  4.19575
 4.193935  4.191642  4.189097  4.179249  4.1762605 4.164463  4.162263
 4.1565413 4.1536665 4.147715  4.140803  4.1393914 4.1332383 4.126511
 4.1221137 4.1176434 4.109326  4.106369  4.102704  4.0982227 4.0933056
 4.087751  4.082731  4.074465  4.0721006 4.0663896 4.064509  4.057489
 4.0530434 4.0437527 4.042849  4.0374246 4.0334387 4.022781  4.022078
 4.016977  4.010362  4.0083365 4.0007186 3.9977908 3.9923332 3.9856691
 3.9843564 3.9799602 3.9758692 3.9745893 3.9657178 3.961613  3.956674
 3.9495766 3.9477541 3.9428923 3.9370577 3.9334066 3.9314222 3.929449
 3.923932  3.9182584 3.9150164 3.913734  3.9095712 3.9066837 3.9014058
 3.8962648 3.8911533 3.8897233 3.8845458 3.8777735 3.875733  3.869091
 3.8661084 3.8588305 3.858286  3.8534324 3.8478794 3.8442338 3.841898
 3.8369884 3.8299754 3.8279765 3.8271956 3.8231897 3.8183296 3.8133955
 3.8080397 3.804194  3.8019178 3.8006337 3.7945597 3.7921617 3.784538
 3.7812085 3.7763298 3.7731872 3.7695394 3.7654378 3.7624269 3.7602227
 3.755957  3.7495985 3.7444286 3.7401636 3.7389283 3.7312596 3.7282782
 3.7206974 3.718045  3.7153566 3.713127  3.7108912 3.705464  3.6990519
 3.697126  3.6926224 3.6894941 3.6811662 3.678817  3.6772578 3.6749868
 3.6672952 3.6651647 3.6605928 3.6548133 3.6464298 3.645778  3.6411123
 3.6378596 3.632338  3.6270792 3.621388  3.6189    3.6160045 3.6127977
 3.6091795 3.6080306 3.6010382 3.5973082 3.5938177 3.5914285 3.587562
 3.585195  3.5782604 3.5725849 3.5674233 3.5657716 3.5624926 3.5568562
 3.553537  3.5515466 3.5469215 3.537987  3.5343275 3.5326586 3.5286543
 3.5221913 3.5198977 3.518472  3.507093  3.504304  3.5003924 3.4953485
 3.490839  3.484286  3.4826918 3.4801702 3.4752433 3.4706526 3.4649568
 3.4618127 3.4558585 3.4537253 3.4495869 3.4447114 3.4408817 3.4383678
 3.4283426 3.4217305 3.4193223 3.4123492 3.4086928 3.4056516 3.402626
 3.3957288 3.3937922 3.3887823 3.387464  3.3823688 3.3804991 3.373255
 3.3680556 3.366774  3.3593645 3.3472457 3.346397  3.3336668 3.331972
 3.3221872 3.314846  3.3110483 3.3073685 3.301517  3.291102  3.2891462
 3.283576  3.2764976 3.2733836 3.2699096 3.2647696 3.2582183 3.2540052
 3.245975  3.2363822 3.2241702 3.214971  3.207165  3.196719  3.1943223
 3.187192  3.1847806 3.1629946 3.1449323]",2,True
bert_output,5,"[6.7441072 4.1498404 3.9912102 3.8704596 3.8569517 3.8378477 3.8204978
 3.8069508 3.794966  3.7883694 3.773835  3.773193  3.7613192 3.7501788
 3.7385402 3.7350883 3.7265413 3.713906  3.7098029 3.7035139 3.6957562
 3.6933336 3.6830447 3.6798384 3.6771514 3.6752565 3.6626046 3.6565688
 3.6508253 3.6470659 3.6444411 3.6402006 3.6302931 3.6228254 3.6184564
 3.615032  3.6082366 3.6020634 3.5976906 3.5930555 3.5883493 3.582853
 3.580674  3.5782304 3.571198  3.5664353 3.563024  3.5572715 3.5527978
 3.545362  3.5418458 3.5394585 3.5381303 3.5302653 3.5278301 3.5227635
 3.5177205 3.5154188 3.5143363 3.50804   3.501836  3.4999952 3.4942896
 3.4846935 3.4814272 3.4808462 3.4779086 3.4712672 3.467533  3.460437
 3.4552042 3.4533439 3.4479055 3.4447396 3.4419951 3.435358  3.4329805
 3.428649  3.4237301 3.4207284 3.4155128 3.4097977 3.4066756 3.4012668
 3.3994393 3.3953125 3.393481  3.3854103 3.3837535 3.3808932 3.375238
 3.3711748 3.3680668 3.3666494 3.361204  3.3592043 3.3548472 3.347616
 3.3460712 3.33835   3.336297  3.3304343 3.329093  3.3283465 3.3218644
 3.3200533 3.3151221 3.3103986 3.3071535 3.3059905 3.3016388 3.295398
 3.2918377 3.288945  3.2861764 3.282158  3.2787483 3.2741947 3.2705598
 3.266883  3.2651594 3.261252  3.256877  3.254375  3.2507951 3.2452493
 3.2431386 3.2423701 3.2361906 3.234207  3.2323442 3.2310667 3.225212
 3.2218378 3.2178874 3.2140005 3.2137558 3.2065604 3.205874  3.20282
 3.19663   3.1938863 3.1929548 3.1882684 3.1876047 3.183007  3.1800706
 3.1757927 3.1739798 3.1705663 3.1679702 3.1608796 3.1577206 3.153227
 3.1514623 3.142843  3.1409616 3.1387994 3.1377943 3.1349876 3.1302824
 3.1263692 3.1261396 3.1233635 3.1187587 3.1183724 3.1142762 3.1079078
 3.1048176 3.101495  3.0960286 3.0904768 3.0895834 3.087671  3.0845072
 3.079596  3.0758302 3.0718305 3.0707965 3.0676305 3.063132  3.0589452
 3.0539327 3.047839  3.0445478 3.043968  3.041396  3.03675   3.0365934
 3.033221  3.0312989 3.0295582 3.026535  3.0244074 3.0181892 3.01689
 3.0146499 3.0126846 3.0053158 3.0040703 2.9964466 2.9940448 2.9901867
 2.9885418 2.9874516 2.9828284 2.9779217 2.976644  2.9734433 2.9689968
 2.9674933 2.9625893 2.9576101 2.952909  2.9515657 2.9475794 2.941026
 2.9407024 2.9369617 2.9350119 2.9323788 2.929357  2.9257915 2.9234505
 2.9212132 2.9154818 2.910918  2.907076  2.905796  2.902533  2.8990414
 2.8968906 2.8933074 2.891173  2.8870013 2.885193  2.8812928 2.8798738
 2.8789892 2.8733993 2.8707843 2.8676002 2.8642464 2.8609722 2.8568923
 2.8530283 2.8486845 2.8444786 2.8413455 2.8399723 2.8375988 2.829615
 2.82833   2.825887  2.8251421 2.8238006 2.8190153 2.8157268 2.8118703
 2.806923  2.8017213 2.8012562 2.795824  2.7929432 2.7919123 2.7867866
 2.7835875 2.7793937 2.7759688 2.774533  2.7698252 2.765222  2.7640266
 2.7599926 2.7590516 2.7557719 2.7519968 2.7469099 2.7420473 2.738697
 2.7345083 2.7299325 2.7293615 2.72482   2.723343  2.7212515 2.7168608
 2.713531  2.7087648 2.7041218 2.7031786 2.6998265 2.6933408 2.6895027
 2.6838467 2.6802278 2.6784759 2.6769238 2.6724534 2.6699731 2.6694722
 2.6649375 2.6612551 2.6540725 2.6517425 2.6502497 2.6456916 2.6429074
 2.63984   2.6347826 2.633132  2.6307907 2.6259565 2.6233237 2.61889
 2.611198  2.608363  2.6061141 2.602365  2.598629  2.593411  2.593066
 2.5889034 2.5872283 2.582615  2.5776613 2.5741134 2.5687227 2.5674152
 2.5618052 2.5587513 2.557584  2.5545423 2.5522199 2.5476055 2.5391493
 2.537061  2.5307093 2.5245335 2.5218287 2.5196853 2.5155098 2.5132532
 2.5104463 2.5002284 2.497694  2.496913  2.494089  2.4881747 2.485386
 2.4793272 2.472518  2.4685438 2.464164  2.459497  2.4551854 2.4538002
 2.4466586 2.4449098 2.4336014 2.4312081 2.4257312 2.4206586 2.4180367
 2.4137163 2.404543  2.4018238 2.3977194 2.3949115 2.388001  2.3820488
 2.3774276 2.372275  2.3716588 2.3586345 2.3541603 2.3478065 2.3424883
 2.3314657 2.324911  2.3183215 2.3128958 2.2929702 2.2872608]",0,True
bert_output,5,[6.4442177  3.5774834  3.294125   ... 0.6455933  0.6381718  0.63363713],1,True
bert_output,5,"[7.1560745 4.7714214 4.510373  4.420448  4.3800077 4.371951  4.360532
 4.338458  4.3358645 4.327231  4.324297  4.3155775 4.311394  4.2987185
 4.284432  4.273365  4.270181  4.2654557 4.262082  4.2459826 4.236799
 4.2269583 4.22377   4.218188  4.207968  4.203539  4.202559  4.182777
 4.179438  4.1752367 4.167304  4.1642246 4.158924  4.1510897 4.1466026
 4.1406465 4.1349115 4.13318   4.1286826 4.1243677 4.121315  4.1174355
 4.10548   4.1008515 4.097597  4.09532   4.0919137 4.081273  4.0779967
 4.0693364 4.064189  4.055162  4.051923  4.0495205 4.0479393 4.0394034
 4.0349145 4.0309563 4.026728  4.020694  4.0178685 4.0128922 4.01192
 4.008237  4.0012574 3.997893  3.9954298 3.988902  3.9819155 3.9783223
 3.9741764 3.9677093 3.961751  3.9599185 3.9489324 3.9484453 3.9454467
 3.9424603 3.9394586 3.9350307 3.9309134 3.9259946 3.9215493 3.917247
 3.916909  3.9094834 3.9036503 3.896224  3.8950214 3.8900049 3.8849957
 3.8813813 3.8774228 3.8762    3.8711898 3.8680122 3.8658428 3.8624396
 3.8524811 3.8506782 3.8438761 3.842332  3.8369937 3.8309772 3.8280947
 3.823683  3.8201666 3.815165  3.8133028 3.806226  3.8025    3.7994063
 3.7946181 3.78925   3.7867372 3.7832751 3.7733684 3.7726252 3.7706609
 3.764251  3.7638962 3.7583876 3.7514026 3.7482462 3.7423077 3.7382383
 3.7365532 3.73213   3.7278752 3.7234728 3.7195678 3.7133198 3.7097178
 3.708664  3.7053626 3.7000673 3.6965234 3.6944027 3.6895413 3.6880326
 3.6815195 3.6750684 3.6736956 3.6672463 3.6626158 3.6571152 3.655249
 3.6544359 3.6498346 3.6453755 3.6440194 3.631895  3.6275136 3.6248538
 3.6236918 3.6167634 3.6140027 3.613226  3.6048796 3.6009312 3.598475
 3.595361  3.5899403 3.5860522 3.5787525 3.575256  3.5731483 3.5680397
 3.5657856 3.5604548 3.558917  3.553772  3.54676   3.5430877 3.5401232
 3.5376668 3.5314395 3.5284781 3.5252028 3.519476  3.5153594 3.5091136
 3.5054758 3.5012128 3.499687  3.4949307 3.4936876 3.489437  3.488277
 3.4776464 3.4704852 3.4689326 3.4612033 3.4589782 3.4540336 3.4521172
 3.4478612 3.4392323 3.438306  3.4341574 3.4223373 3.420066  3.4164617
 3.4119656 3.4097621 3.4028451 3.4008272 3.3951738 3.3906958 3.3830318
 3.3819962 3.3780181 3.3763344 3.3664286 3.3632336 3.3553505 3.353066
 3.347829  3.342465  3.3417416 3.3354752 3.3283477 3.3233404 3.318455
 3.316675  3.3097298 3.2993362 3.2980618 3.2951167 3.2886214 3.2827852
 3.2751396 3.2736008 3.2679968 3.2602742 3.2565    3.2560754 3.2475157
 3.2445185 3.2379875 3.2347624 3.2266428 3.2201045 3.211013  3.2103086
 3.1985502 3.1927986 3.177645  3.1709685 3.1673813 3.1626408 3.1556888
 3.1424925 3.1185825 3.1157632 3.0983722]",2,True
bert_output,6,"[5.6941695 3.8105645 3.8041427 3.788323  3.7874372 3.7784138 3.772767
 3.7596142 3.746199  3.7408473 3.7287517 3.7165132 3.7100263 3.6990569
 3.6929162 3.6885486 3.685894  3.6757627 3.6744885 3.668089  3.661211
 3.6514535 3.6428685 3.6405852 3.6374788 3.6304438 3.6270628 3.6228962
 3.614375  3.6068628 3.602844  3.5984807 3.5911477 3.5873291 3.5800464
 3.5768113 3.5722919 3.5681322 3.5655336 3.5571373 3.5438502 3.5435264
 3.5377028 3.5282142 3.5270798 3.521548  3.5191102 3.5143902 3.5082695
 3.5024393 3.5012975 3.4989417 3.4924777 3.4911532 3.487145  3.4838955
 3.4772093 3.4742713 3.4664302 3.4647794 3.461196  3.4575129 3.4516876
 3.4451501 3.441684  3.4386053 3.4367077 3.4333937 3.4275246 3.4233541
 3.4193747 3.4184606 3.4115362 3.410319  3.4004843 3.3966856 3.3939357
 3.3916497 3.3849282 3.3761086 3.3750196 3.371235  3.3703375 3.3681521
 3.3613741 3.360178  3.356382  3.3554661 3.3486123 3.3392255 3.337502
 3.3344135 3.3335958 3.3269768 3.3259604 3.3231018 3.3159688 3.3150778
 3.3115284 3.3049946 3.302437  3.2973516 3.2927866 3.2898848 3.2880898
 3.2822526 3.2810516 3.2774463 3.2753458 3.2704577 3.2668872 3.264224
 3.2619288 3.2551615 3.2506244 3.2469893 3.2438662 3.2431161 3.237941
 3.2347898 3.231695  3.2293625 3.225909  3.2240372 3.2179828 3.2151725
 3.2102451 3.205721  3.2015264 3.198474  3.195476  3.192844  3.190078
 3.1873033 3.1828687 3.181341  3.1782002 3.1755161 3.1713743 3.1659772
 3.1647103 3.1609917 3.157489  3.1546633 3.1524699 3.149153  3.1457484
 3.1431923 3.1413207 3.1360493 3.1323347 3.128307  3.1265092 3.1226406
 3.1206126 3.1148877 3.111136  3.1076632 3.1019826 3.0956025 3.092366
 3.091365  3.088673  3.0864692 3.082291  3.075466  3.074305  3.0727105
 3.0693872 3.0629776 3.0603852 3.0579388 3.0570805 3.0529153 3.0501125
 3.04632   3.0437791 3.040548  3.0382092 3.0330758 3.0313578 3.0281193
 3.0239303 3.0215034 3.019735  3.0146456 3.009693  3.0077126 3.004453
 3.0007193 2.9976757 2.9935937 2.9916275 2.991403  2.9879744 2.98435
 2.9819286 2.9785516 2.9763231 2.9751327 2.9685616 2.965704  2.9628103
 2.9606957 2.958539  2.9549572 2.9529288 2.9480705 2.944896  2.9413526
 2.9360044 2.9313684 2.9302466 2.9277492 2.924821  2.92023   2.9176915
 2.9136672 2.9121342 2.9087849 2.9037154 2.9011016 2.893426  2.8917894
 2.8884926 2.8859282 2.8832655 2.8803604 2.8767035 2.8742645 2.8711946
 2.8663278 2.8648694 2.8599417 2.8574224 2.854142  2.8515258 2.8494608
 2.8432302 2.8404827 2.8385792 2.8342996 2.8329098 2.8315756 2.826603
 2.8201606 2.816513  2.8149529 2.8104882 2.8091712 2.8051674 2.8026347
 2.7986882 2.7947757 2.7928262 2.787147  2.7865362 2.7837572 2.7804203
 2.7759137 2.773979  2.771504  2.767779  2.7624722 2.7606676 2.7558956
 2.7553537 2.7530904 2.7499654 2.7471478 2.7448275 2.7395818 2.739329
 2.7388747 2.7299182 2.7284822 2.7239275 2.7222197 2.7184837 2.7138922
 2.7116938 2.707601  2.706055  2.7018104 2.6989982 2.6957715 2.6916966
 2.6885476 2.686368  2.6808379 2.6766887 2.6753104 2.672408  2.666936
 2.6660142 2.663302  2.6570084 2.6540623 2.6522334 2.6456795 2.6434362
 2.638419  2.6348498 2.631668  2.6288137 2.6228507 2.6199121 2.6154182
 2.6150367 2.6139495 2.610141  2.6017833 2.598583  2.5971384 2.5927372
 2.5903509 2.587358  2.5832875 2.5769944 2.5750206 2.5719984 2.570596
 2.5695093 2.5632424 2.559961  2.5553138 2.5501444 2.5469103 2.5426905
 2.5391555 2.533182  2.530846  2.525396  2.5240674 2.518783  2.5108097
 2.5099268 2.5080783 2.5055633 2.5004716 2.492968  2.491799  2.4871197
 2.4857888 2.478718  2.4732022 2.4694946 2.4670618 2.464058  2.4544792
 2.4508338 2.448263  2.444642  2.4401348 2.435951  2.431688  2.4235156
 2.4226162 2.4122515 2.4080362 2.4059234 2.3999412 2.3977926 2.392461
 2.3839073 2.381883  2.3800282 2.3734138 2.3663282 2.3604875 2.3559368
 2.350818  2.341231  2.336807  2.3288417 2.3261483 2.3199418 2.3156362
 2.304412  2.2939548 2.2843783 2.2764077 2.2700586 2.2575173]",0,False
bert_output,6,[5.2968235  3.1336393  3.0974693  ... 0.63297427 0.62857217 0.61817175],1,False
bert_output,6,"[6.09568   4.3896985 4.3481994 4.3384156 4.3285832 4.3097863 4.304724
 4.2947116 4.282205  4.270745  4.257532  4.254198  4.2346635 4.232414
 4.2194667 4.2119236 4.209384  4.2000713 4.1934533 4.1890697 4.183185
 4.179378  4.175953  4.1662726 4.158892  4.155014  4.147767  4.14449
 4.1422877 4.134885  4.1284795 4.1199126 4.116536  4.111072  4.108176
 4.1043158 4.0995183 4.091186  4.0872855 4.0808864 4.0765524 4.070982
 4.0576973 4.0536075 4.049329  4.0444994 4.0348344 4.033705  4.0335507
 4.031651  4.023251  4.01999   4.01511   4.005915  4.0042763 3.9999478
 3.9946213 3.991064  3.987679  3.9852943 3.9801152 3.9787543 3.9669352
 3.9628904 3.9604812 3.9567444 3.9525554 3.9485958 3.9434538 3.940377
 3.9342136 3.930166  3.9275382 3.924316  3.9184902 3.9110267 3.9064054
 3.9036474 3.898022  3.8904774 3.8876464 3.883118  3.8785753 3.876212
 3.8697407 3.8691964 3.8590293 3.8560355 3.8514032 3.8473382 3.8423543
 3.8384483 3.8364232 3.834836  3.825721  3.8188033 3.8141785 3.8101263
 3.807492  3.802699  3.7971227 3.7926865 3.790666  3.7854574 3.7811275
 3.779677  3.773255  3.7694483 3.7667143 3.762013  3.754288  3.752536
 3.7496226 3.7453053 3.7391438 3.7376692 3.7333748 3.7313178 3.7289815
 3.7274292 3.7239335 3.7170937 3.7130866 3.7028413 3.7010198 3.6991243
 3.6950965 3.691514  3.6850657 3.6835406 3.6785417 3.6761725 3.6681879
 3.6660454 3.6608179 3.6589797 3.6492841 3.6456604 3.6418674 3.6402059
 3.632709  3.630978  3.6279826 3.6229544 3.6183884 3.616764  3.6116872
 3.6073127 3.6035674 3.5995615 3.598161  3.5972383 3.5915496 3.5869026
 3.5850325 3.5827413 3.5803564 3.5790882 3.5644255 3.562926  3.5605986
 3.5562317 3.5543146 3.5499763 3.5431988 3.5399778 3.536477  3.5320048
 3.5287023 3.5229692 3.5207033 3.5192533 3.5156937 3.5113358 3.5032759
 3.5007062 3.4990835 3.4949117 3.49155   3.490541  3.4839327 3.4784534
 3.4747705 3.470814  3.464212  3.4634447 3.4602733 3.4524736 3.4504092
 3.4426804 3.4405134 3.434712  3.432126  3.4274817 3.4267154 3.4169922
 3.4134564 3.4097133 3.4049163 3.3974822 3.3957531 3.3892016 3.3841934
 3.3796256 3.377998  3.3739488 3.3707402 3.3637643 3.3613951 3.3588514
 3.357703  3.3492928 3.3455565 3.3405042 3.336376  3.3283284 3.3246899
 3.3185177 3.3166888 3.3136814 3.3091836 3.3028154 3.2969186 3.2952433
 3.2903092 3.2880192 3.284679  3.2821145 3.2729394 3.2660184 3.2617023
 3.2561772 3.250259  3.2473948 3.239674  3.2348022 3.2296119 3.2232594
 3.221758  3.2094045 3.2079594 3.2032557 3.1995    3.1856089 3.1779914
 3.1745188 3.1737986 3.1523523 3.1493363 3.1478822 3.1389332 3.1300309
 3.1179018 3.1083353 3.094584  3.0880861]",2,False
bert_output,7,"[4.703689  4.0686436 3.6769214 3.6569324 3.6520493 3.6377425 3.6247888
 3.6213357 3.6081533 3.5942862 3.5896404 3.58655   3.577149  3.5675695
 3.5603812 3.5570292 3.551255  3.5433018 3.5399356 3.5340528 3.531371
 3.5259442 3.521023  3.517178  3.515307  3.507095  3.5021405 3.4911706
 3.487861  3.4839222 3.47403   3.470343  3.4695957 3.4660132 3.4542449
 3.4532402 3.4508114 3.447281  3.4320216 3.4283583 3.4252625 3.4246678
 3.422512  3.4188569 3.4137583 3.406595  3.4049554 3.400118  3.3976724
 3.392909  3.3917606 3.3864665 3.3844995 3.3790107 3.3723354 3.3701773
 3.3660717 3.361784  3.3586833 3.354766  3.3502476 3.3457408 3.337342
 3.327385  3.324882  3.3238728 3.3217466 3.3158114 3.3141584 3.305838
 3.304919  3.3025162 3.2993395 3.2924511 3.290119  3.2854989 3.2830632
 3.2780547 3.273625  3.2665489 3.264606  3.2582037 3.2544513 3.2499712
 3.2487826 3.247762  3.2464473 3.2383144 3.2366707 3.2317502 3.226636
 3.2226343 3.2199068 3.216403  3.2119815 3.2097058 3.2041876 3.2010093
 3.1986663 3.1959565 3.194361  3.1915195 3.1869898 3.182791  3.1803908
 3.178121  3.174379  3.1696696 3.16478   3.161055  3.157078  3.1551328
 3.1525328 3.1493318 3.145736  3.1423886 3.141752  3.1376836 3.1363518
 3.1268766 3.1257198 3.1237233 3.1189005 3.1134567 3.1121328 3.1073396
 3.106503  3.0996594 3.0976417 3.0955303 3.0936544 3.0888262 3.0856278
 3.083161  3.0805535 3.0758884 3.073268  3.070329  3.0687797 3.0633988
 3.0603552 3.0572155 3.0567474 3.0530055 3.04879   3.04534   3.043041
 3.0394    3.0344636 3.0328941 3.0303142 3.0260544 3.023361  3.0214438
 3.019073  3.0160258 3.0101793 3.0068884 3.0039678 3.0016131 2.9977393
 2.9958682 2.989791  2.9873135 2.98412   2.9832675 2.9818296 2.9763367
 2.9711127 2.968774  2.9644756 2.962982  2.9585438 2.9543529 2.9534626
 2.9475942 2.9463706 2.9438183 2.9416578 2.9392385 2.935033  2.9303124
 2.9293773 2.9287858 2.9226792 2.9211414 2.9179008 2.9128065 2.9111109
 2.9093423 2.906907  2.9016705 2.9002411 2.8937445 2.8921356 2.890351
 2.889664  2.8836515 2.8798673 2.8761468 2.8737848 2.8724966 2.8717482
 2.8700595 2.8670878 2.8633428 2.8568883 2.8533554 2.8486652 2.8467107
 2.845357  2.8425224 2.8411665 2.8359945 2.8303876 2.8285065 2.8271258
 2.8231997 2.8210473 2.815982  2.810389  2.8102565 2.8074462 2.8036666
 2.8008819 2.7984097 2.7942038 2.7917013 2.7890308 2.782185  2.7806575
 2.7799144 2.7733722 2.7706654 2.7687259 2.7666507 2.7632017 2.7589695
 2.7567017 2.7544723 2.7525403 2.7478108 2.7434082 2.7426608 2.7414472
 2.7380197 2.7357643 2.7296772 2.7254863 2.7199266 2.7187688 2.7170057
 2.7128754 2.7113557 2.7099547 2.7061877 2.7028341 2.7005665 2.6950216
 2.6945083 2.6905258 2.68569   2.6815512 2.6789951 2.677534  2.6698198
 2.6679976 2.6660206 2.665267  2.6590247 2.6556988 2.6541543 2.6513495
 2.6455252 2.6404407 2.6399322 2.6345015 2.6314359 2.6270828 2.622962
 2.6224515 2.6202512 2.6153514 2.6137521 2.6112785 2.609409  2.601133
 2.5976577 2.5960846 2.593522  2.5892541 2.5859284 2.583354  2.5810666
 2.573466  2.5707352 2.5680447 2.5624523 2.5590067 2.5566363 2.5554762
 2.5527267 2.5506752 2.5488226 2.5467026 2.540394  2.5357196 2.532529
 2.5301013 2.5249135 2.5237796 2.5169156 2.5151162 2.513637  2.5096102
 2.5075264 2.502817  2.5012946 2.4972107 2.4930742 2.4917865 2.4860742
 2.4825509 2.480337  2.4788253 2.4732187 2.4682114 2.4632344 2.4597793
 2.4558597 2.452526  2.4494512 2.4442716 2.4403665 2.4376004 2.4348314
 2.4293816 2.428798  2.422216  2.4197001 2.414618  2.4099574 2.4085205
 2.4020026 2.3998384 2.3966396 2.3926163 2.3871615 2.3822358 2.379547
 2.378773  2.3758035 2.372155  2.3691382 2.3657775 2.360531  2.3574934
 2.3537574 2.348764  2.3458755 2.3400464 2.3301098 2.325841  2.3219454
 2.3194933 2.317348  2.3122284 2.3067138 2.2991083 2.2964861 2.2933
 2.2870214 2.279029  2.2770607 2.2715962 2.265944  2.2558084 2.2534084
 2.2443259 2.2414875 2.229901  2.222294  2.198824  2.1828077]",0,True
bert_output,7,[4.2177267  3.4363298  2.990435   ... 0.61895114 0.6163723  0.6032453 ],1,True
bert_output,7,"[5.2209744 4.519927  4.261866  4.2086577 4.1997447 4.1683364 4.1584177
 4.149952  4.1379595 4.1262164 4.1207976 4.1119957 4.109629  4.1016555
 4.0951734 4.0935187 4.0766716 4.0731525 4.0714965 4.058587  4.05381
 4.0420275 4.034845  4.025662  4.0222535 4.0189505 4.012611  4.0077915
 4.0004635 3.9988256 3.9965632 3.9852755 3.984031  3.9754071 3.973659
 3.968886  3.9579813 3.953167  3.9528303 3.9460225 3.9360664 3.9316847
 3.9268036 3.9218962 3.9161737 3.9128807 3.9096692 3.9038181 3.8985164
 3.8980832 3.888409  3.8845768 3.881402  3.877266  3.8746226 3.8734453
 3.866279  3.8638914 3.8571308 3.852015  3.8478215 3.8462205 3.840707
 3.8367307 3.8333719 3.8306203 3.8198612 3.8180413 3.8139431 3.8063018
 3.8000414 3.7993324 3.7972672 3.7818558 3.7809007 3.7795532 3.7731726
 3.770608  3.7679586 3.7624846 3.758444  3.753221  3.7471633 3.7405958
 3.7389026 3.7347684 3.7334957 3.7314055 3.7249868 3.7223094 3.7124693
 3.710154  3.707113  3.7043214 3.696204  3.6906617 3.6863027 3.6836908
 3.6808422 3.6782265 3.676843  3.6688032 3.6663263 3.6594152 3.6550484
 3.6527781 3.6493015 3.6459115 3.6400795 3.6368291 3.633931  3.6312895
 3.6287992 3.6251926 3.6209502 3.617317  3.613985  3.6113057 3.6077893
 3.6064966 3.6016047 3.5963898 3.593684  3.591272  3.5882084 3.581555
 3.5776    3.5733526 3.5707505 3.5620644 3.5597537 3.5566106 3.555806
 3.5529606 3.5504553 3.5473087 3.5411453 3.5356045 3.5310621 3.5276885
 3.5211952 3.514639  3.512908  3.5074406 3.5033162 3.5014896 3.499408
 3.4925768 3.491282  3.4874523 3.4863207 3.4831426 3.4771361 3.470677
 3.467456  3.4668705 3.4628673 3.4609168 3.457331  3.456103  3.4459043
 3.4426148 3.441048  3.4371328 3.4349563 3.4324987 3.4270592 3.4248722
 3.422745  3.4201453 3.407525  3.40466   3.3999732 3.3971856 3.3947456
 3.392953  3.385584  3.3836217 3.3763278 3.3753889 3.3709545 3.366249
 3.363475  3.356962  3.355321  3.3503957 3.349438  3.3470845 3.3387282
 3.3317275 3.3292065 3.324532  3.3190455 3.3162494 3.313832  3.3064542
 3.3018055 3.2965112 3.2941556 3.2869442 3.2847507 3.2817204 3.2781086
 3.2746453 3.2669926 3.2636113 3.256356  3.2508073 3.2478116 3.2412035
 3.2390206 3.2375247 3.2319586 3.225806  3.2229323 3.2196307 3.2164245
 3.2132864 3.20475   3.1986809 3.1978471 3.1931858 3.1880953 3.1833696
 3.1798928 3.1715882 3.1702008 3.1648264 3.155623  3.1555245 3.1548264
 3.1501    3.143871  3.1389506 3.1328683 3.1279671 3.123019  3.118481
 3.1158085 3.111676  3.100443  3.0965652 3.092532  3.082413  3.0779817
 3.0772107 3.0613081 3.0540075 3.052528  3.0397434 3.0299346 3.0278687
 3.0126634 3.0061665 3.0010462 2.9853232]",2,True
bert_output,8,"[4.635708  4.1341014 3.8378654 3.8200073 3.73719   3.665077  3.6412065
 3.6338372 3.6119885 3.6097424 3.601849  3.5868351 3.5821342 3.5724876
 3.5698817 3.564728  3.5469785 3.5445983 3.5408883 3.5249732 3.5220342
 3.5140517 3.5106452 3.498034  3.4896543 3.4855075 3.4835815 3.4769614
 3.4727693 3.4675772 3.4636624 3.4569232 3.4514306 3.447735  3.441877
 3.4383984 3.4290967 3.423457  3.4192655 3.4148495 3.4106717 3.4077601
 3.4045734 3.3987172 3.397305  3.3926308 3.3871775 3.3834198 3.379151
 3.3768892 3.3706982 3.3667028 3.365322  3.3584185 3.3557713 3.3523147
 3.3453863 3.3409584 3.337495  3.330052  3.329695  3.326706  3.3257432
 3.3183641 3.3171473 3.3115509 3.3070295 3.306011  3.3020382 3.2999341
 3.2957466 3.2899265 3.2874722 3.2798724 3.2754273 3.2731893 3.2698185
 3.2627525 3.2589376 3.257006  3.2550642 3.2483654 3.2463272 3.2410047
 3.238327  3.234462  3.232584  3.2286267 3.2271714 3.2201831 3.2189012
 3.2106578 3.2092927 3.2036781 3.1996512 3.1976523 3.1930828 3.1920576
 3.18872   3.1832876 3.1816409 3.1793113 3.176084  3.1687376 3.1624417
 3.161687  3.1551478 3.1515408 3.1496558 3.1479886 3.1407895 3.139717
 3.1367404 3.1326964 3.131393  3.129647  3.124766  3.1203716 3.1172101
 3.1149714 3.1098545 3.1089754 3.1060083 3.1010938 3.0996065 3.0928917
 3.0908513 3.085967  3.0847812 3.0805972 3.0776732 3.0751624 3.0726938
 3.071974  3.0660298 3.0594032 3.0573888 3.055519  3.0517097 3.0492885
 3.0448813 3.042812  3.040375  3.0369709 3.0288136 3.0253305 3.022504
 3.021486  3.0191388 3.0157685 3.0140893 3.0118535 3.0078998 3.0020251
 3.0000892 2.9990249 2.9950075 2.994182  2.9911041 2.9883378 2.9839582
 2.9807503 2.9774969 2.9694908 2.9651883 2.9644156 2.9599073 2.9565847
 2.9559827 2.9524324 2.9502313 2.9481168 2.943545  2.9398887 2.9377606
 2.9337826 2.930805  2.9295442 2.9259255 2.9243581 2.9174066 2.914098
 2.9122398 2.908258  2.9036627 2.9020834 2.899819  2.8979938 2.8931336
 2.890766  2.8879218 2.8847997 2.881021  2.8794672 2.8739827 2.870813
 2.8679368 2.8645031 2.8635862 2.8623517 2.8581822 2.8542333 2.848864
 2.846204  2.843941  2.8420208 2.8411844 2.8363836 2.834202  2.8281877
 2.8271925 2.8243606 2.822198  2.8200607 2.8152592 2.8131974 2.811254
 2.8083024 2.8065708 2.805146  2.798823  2.7941842 2.7916837 2.7883322
 2.7845936 2.7788992 2.7773974 2.7730033 2.770207  2.7683313 2.763043
 2.76215   2.758215  2.7578764 2.7550473 2.7481518 2.7443693 2.7420378
 2.7402694 2.737964  2.735643  2.7278168 2.7229404 2.7199228 2.7185924
 2.714319  2.7135394 2.7118478 2.7080977 2.7073102 2.700745  2.6983438
 2.6963146 2.694714  2.6915627 2.6863601 2.6833613 2.6800547 2.6779554
 2.6745017 2.6716433 2.6690764 2.666269  2.6640303 2.6579998 2.6559296
 2.6501827 2.6491299 2.6439953 2.643237  2.640034  2.6327348 2.6307995
 2.6302507 2.6276267 2.6217837 2.6202047 2.6191597 2.6155586 2.6127396
 2.6093714 2.6046622 2.602929  2.5996628 2.5986671 2.5957913 2.5931969
 2.585408  2.5820045 2.5802386 2.5776224 2.5766776 2.572962  2.5702705
 2.5645585 2.5600922 2.5567136 2.5528235 2.551504  2.5485632 2.5474813
 2.54277   2.5376165 2.5341516 2.5309753 2.528027  2.5261877 2.5219579
 2.5179737 2.516386  2.5139217 2.5115242 2.5098536 2.5030768 2.500696
 2.495577  2.4917169 2.4888332 2.4836621 2.482355  2.477761  2.4724138
 2.4716296 2.4705372 2.4659185 2.4644613 2.4565938 2.4551728 2.4519906
 2.4435444 2.4418466 2.4395533 2.4317875 2.4284005 2.4262326 2.4209027
 2.4187043 2.4171984 2.4122262 2.4078023 2.405314  2.4024782 2.3982246
 2.3939843 2.390408  2.3868034 2.3850064 2.3788354 2.3766496 2.3724935
 2.3688085 2.3600855 2.3585393 2.3497906 2.3475091 2.344784  2.3413603
 2.3360283 2.3327336 2.3257554 2.323967  2.320574  2.3171504 2.3111508
 2.3092268 2.306634  2.3015416 2.2991617 2.28937   2.2814257 2.2771316
 2.2724059 2.2669094 2.2647235 2.2573338 2.252882  2.246673  2.233647
 2.229127  2.2196827 2.2165413 2.206098  2.1996632 2.1855266]",0,True
bert_output,8,[3.9383118  3.6356845  3.3980484  ... 0.61241716 0.60663825 0.60444695],1,True
bert_output,8,"[5.3883014 4.7181563 4.292741  4.18982   4.16683   4.1599307 4.147665
 4.1290717 4.126791  4.122644  4.1164274 4.1016417 4.0883956 4.078697
 4.07061   4.068817  4.0579987 4.0464015 4.0361342 4.0329547 4.0291667
 4.0224853 4.016683  4.01381   3.9995472 3.9989066 3.995986  3.9789178
 3.976337  3.9736881 3.9688363 3.9601798 3.9574013 3.9530592 3.9461365
 3.9414408 3.9335144 3.9267747 3.9231641 3.9176438 3.9150884 3.9130726
 3.9056828 3.9005473 3.8948452 3.891077  3.884678  3.8813725 3.874648
 3.873094  3.8662126 3.8594286 3.854931  3.848939  3.8475046 3.839925
 3.8358145 3.8324635 3.8281724 3.823844  3.8179762 3.812927  3.8104932
 3.8068173 3.8002057 3.7998307 3.7930155 3.790617  3.7857955 3.782653
 3.7771456 3.7726564 3.7725208 3.7653465 3.7638412 3.7606506 3.7555048
 3.7540615 3.7473023 3.7427285 3.7374544 3.7367728 3.7337666 3.7292018
 3.7190306 3.7140749 3.7121782 3.7098808 3.7041454 3.6980095 3.694437
 3.6897671 3.687327  3.6849325 3.680883  3.676089  3.6706583 3.66926
 3.666892  3.6623552 3.6572142 3.654261  3.6507046 3.6440735 3.6420767
 3.641365  3.633965  3.6332004 3.6258957 3.624429  3.6217542 3.6182568
 3.6137824 3.608224  3.605278  3.6019635 3.5967479 3.5922632 3.5904098
 3.58549   3.579683  3.5734239 3.5727487 3.5721297 3.5669172 3.565429
 3.5606737 3.5532367 3.5466418 3.5446463 3.5403574 3.5376413 3.5336902
 3.5304732 3.5272374 3.5251057 3.5189993 3.5156534 3.5126069 3.5052686
 3.5040338 3.5024922 3.496687  3.4945927 3.4914618 3.4901524 3.4819102
 3.4812696 3.479331  3.47403   3.4709876 3.466864  3.4652393 3.4564319
 3.4560037 3.4508054 3.4455702 3.4439974 3.442256  3.4387577 3.4285707
 3.4264536 3.424414  3.4220204 3.4162161 3.4132254 3.4095685 3.404188
 3.4028594 3.3994381 3.3981333 3.3906941 3.387144  3.3843818 3.3812582
 3.3786182 3.3751733 3.3698587 3.363509  3.3601294 3.3579826 3.353871
 3.3501759 3.3446748 3.342173  3.339728  3.3342202 3.3318844 3.32371
 3.3212965 3.318783  3.3106349 3.30489   3.3020122 3.3011746 3.2959363
 3.2939675 3.2906153 3.2866359 3.2822208 3.2815225 3.2703097 3.2657926
 3.2621002 3.259497  3.252489  3.2488701 3.2478087 3.245264  3.2406526
 3.2365863 3.2307436 3.227581  3.223344  3.2197905 3.2147276 3.2120643
 3.205164  3.2027783 3.1961324 3.1909213 3.1890697 3.1875308 3.1804354
 3.173452  3.1681871 3.1650045 3.1594212 3.1500318 3.143666  3.1356416
 3.132509  3.128186  3.1242168 3.118489  3.1124465 3.1107707 3.1045923
 3.1012523 3.0945704 3.084783  3.0817604 3.078645  3.069202  3.0666773
 3.0519736 3.0502453 3.0465024 3.040326  3.034849  3.0296159 3.0147913
 3.0020406 2.9905407 2.9683368 2.9661405]",2,True
bert_output,9,"[6.057598  4.8787775 4.339117  4.296239  4.0178328 3.9900603 3.8981624
 3.852461  3.8208911 3.7864811 3.7829375 3.7795978 3.7701828 3.758059
 3.7551985 3.737301  3.7319856 3.7243483 3.7112567 3.703859  3.69476
 3.6777353 3.6692107 3.6573462 3.6564057 3.6508346 3.6482491 3.6429923
 3.6359038 3.6342285 3.6153152 3.60984   3.6063378 3.6009514 3.597093
 3.589733  3.5876803 3.5851219 3.5708685 3.5697486 3.5672884 3.5581858
 3.553463  3.5481846 3.5442958 3.5395653 3.5343597 3.5302324 3.5266936
 3.522279  3.5194688 3.5142064 3.5017912 3.5013478 3.4927537 3.4892569
 3.4876108 3.4841392 3.4791372 3.4749563 3.464678  3.4581773 3.4558258
 3.4504237 3.4498003 3.4409661 3.437696  3.4334078 3.4306536 3.4277453
 3.422842  3.4226885 3.4140692 3.4125504 3.4093287 3.4072442 3.4041338
 3.3948588 3.389223  3.3854592 3.381359  3.3776836 3.375913  3.3726447
 3.3656068 3.363043  3.3529336 3.3497765 3.348997  3.3455818 3.3419833
 3.3381948 3.3358471 3.3311198 3.329221  3.326573  3.3224971 3.3160052
 3.309989  3.3086038 3.3063488 3.301848  3.292481  3.290723  3.287794
 3.284062  3.281516  3.279081  3.2746139 3.2696881 3.268478  3.265101
 3.2580392 3.2570293 3.2553396 3.2510428 3.2474852 3.2416835 3.239983
 3.2340531 3.2326717 3.2272065 3.2250042 3.2202022 3.2173748 3.2137313
 3.211826  3.2065232 3.2036462 3.2008355 3.1983187 3.1931088 3.190614
 3.1897614 3.1883743 3.185846  3.1780086 3.1746416 3.1707146 3.1682901
 3.164122  3.160951  3.154965  3.1516802 3.146512  3.1421404 3.1385965
 3.1352077 3.133175  3.1322026 3.1291404 3.125524  3.1219091 3.118971
 3.1157153 3.1145968 3.1078482 3.1057723 3.1034145 3.1014893 3.0935764
 3.0928485 3.0879383 3.0825589 3.0784187 3.0766654 3.0743523 3.071676
 3.0681753 3.0632288 3.0610938 3.0589914 3.0550787 3.0525854 3.0487182
 3.0443199 3.0427094 3.0396242 3.034524  3.0312495 3.0271306 3.024586
 3.021212  3.0187223 3.016358  3.0115259 3.0092568 3.0064962 3.002478
 2.9984882 2.9964502 2.9948218 2.9907238 2.9897032 2.9851997 2.9829497
 2.9799588 2.9761229 2.9741108 2.9702034 2.9640388 2.9623842 2.9567401
 2.9537954 2.9510508 2.9491322 2.9468741 2.9432728 2.9405038 2.9379454
 2.9370618 2.9328117 2.9281256 2.9269316 2.9234498 2.9160762 2.9132183
 2.9099302 2.9084947 2.9044588 2.9025443 2.898651  2.8963156 2.894624
 2.8899846 2.8844495 2.880088  2.8779695 2.8759646 2.8709795 2.8689883
 2.8633988 2.8618355 2.8589702 2.8531635 2.851997  2.851531  2.8479693
 2.84414   2.8366387 2.83455   2.832954  2.8304722 2.8287578 2.8254
 2.8239505 2.8232188 2.8167658 2.8144357 2.8117847 2.8044236 2.8034637
 2.8018408 2.7993712 2.7947948 2.7931538 2.7863288 2.7811997 2.78055
 2.776954  2.7751396 2.7720559 2.7680092 2.765733  2.7627797 2.7546308
 2.7533507 2.7522619 2.7508953 2.746578  2.7425747 2.7412713 2.736711
 2.7331975 2.7324195 2.7297614 2.724088  2.719987  2.717551  2.715067
 2.7105103 2.7091954 2.7044795 2.7014887 2.6989148 2.6950352 2.6911006
 2.684988  2.6849363 2.6801155 2.6735382 2.670279  2.6682687 2.6651008
 2.662183  2.659909  2.6543653 2.6532567 2.651084  2.6433284 2.6422265
 2.6420248 2.6361794 2.6310015 2.6280577 2.623971  2.6218548 2.6163228
 2.6157029 2.6105778 2.6050277 2.6033525 2.5961258 2.5938826 2.588186
 2.586163  2.5819285 2.5773818 2.5761473 2.5723684 2.5696692 2.5661502
 2.562492  2.5581465 2.554319  2.549903  2.5485623 2.5449512 2.53914
 2.5356846 2.533132  2.5282917 2.5241559 2.5208263 2.5197976 2.5134287
 2.5086179 2.5074317 2.5001173 2.4970045 2.4955053 2.493432  2.4880514
 2.482366  2.4758306 2.473615  2.4709814 2.466527  2.4636338 2.4625194
 2.4529366 2.4496114 2.4474225 2.443602  2.4357414 2.4318364 2.4249575
 2.4230642 2.4193616 2.4132845 2.4108112 2.4058712 2.3980243 2.3968384
 2.3906875 2.3890424 2.3774023 2.3716607 2.3701591 2.3629067 2.35562
 2.3515186 2.344189  2.338665  2.336171  2.3285708 2.319332  2.3141139
 2.3036304 2.3008687 2.2801712 2.2693484 2.2657452 2.260358 ]",0,False
bert_output,9,[4.7587695  4.346117   3.8740788  ... 0.62666535 0.61744857 0.6120849 ],1,False
bert_output,9,"[5.6328464 5.34048   4.9568048 4.7636995 4.6970367 4.585125  4.5296516
 4.430473  4.4092917 4.3832827 4.335738  4.3289022 4.322281  4.292437
 4.2897305 4.2760735 4.258006  4.255058  4.2418175 4.235416  4.2239456
 4.219857  4.2078204 4.19988   4.193028  4.1828732 4.178028  4.1690903
 4.162163  4.153418  4.1431427 4.137779  4.135703  4.132082  4.12471
 4.122554  4.1095786 4.105778  4.101751  4.095617  4.0909576 4.0845113
 4.075121  4.0723457 4.0607657 4.05651   4.053469  4.0494766 4.04346
 4.036393  4.0344334 4.023165  4.0189905 4.0181293 4.010112  4.0074635
 4.00353   3.9986346 3.9918342 3.9842145 3.9815714 3.9706054 3.9684293
 3.964713  3.9605043 3.9547234 3.9532435 3.949019  3.9452662 3.940279
 3.929406  3.925562  3.9213805 3.9161227 3.9102015 3.9066525 3.9036243
 3.9023335 3.8938339 3.8928506 3.887904  3.8810534 3.8781984 3.876886
 3.8705869 3.864376  3.858094  3.8539689 3.8523378 3.8462925 3.8448853
 3.8322442 3.830006  3.829948  3.8290532 3.8158383 3.8131728 3.8100088
 3.8079462 3.8052123 3.8011408 3.798407  3.7935195 3.7894452 3.7868245
 3.7830336 3.778654  3.7732244 3.7706058 3.7668297 3.7654808 3.7567976
 3.7516706 3.7491848 3.745835  3.7366505 3.735574  3.7345603 3.731708
 3.7243557 3.7193625 3.7146034 3.7103894 3.7068303 3.7026331 3.6944065
 3.6916335 3.6893456 3.683453  3.6829636 3.6782038 3.674293  3.6678193
 3.6671295 3.664788  3.662471  3.6559606 3.6509845 3.64912   3.6463087
 3.641472  3.6403885 3.6356826 3.6306021 3.6296725 3.626364  3.6199753
 3.6139653 3.611424  3.6069305 3.6061473 3.599575  3.5960011 3.5946746
 3.587529  3.5853312 3.580027  3.5759158 3.5749052 3.570997  3.5620546
 3.558068  3.556295  3.5513744 3.545773  3.5437472 3.5375082 3.5306048
 3.5298145 3.5268948 3.5246925 3.5199316 3.516712  3.5122528 3.507752
 3.5050654 3.5044742 3.4978826 3.4956076 3.4874861 3.484262  3.4800603
 3.4731598 3.4681213 3.4639294 3.4588215 3.4549253 3.4487598 3.4478717
 3.4430993 3.4423873 3.4397957 3.4369776 3.4322217 3.4252944 3.4220505
 3.4206746 3.4153466 3.4101777 3.4070761 3.40241   3.3943374 3.3935368
 3.3843625 3.382783  3.380289  3.3708541 3.3683424 3.366622  3.3589745
 3.3550212 3.345992  3.3398223 3.334855  3.3323076 3.331154  3.3298018
 3.3196108 3.3138375 3.312733  3.3080509 3.3024194 3.2981012 3.296561
 3.28522   3.2844696 3.2772853 3.2727675 3.2677076 3.2605    3.257821
 3.2499292 3.2450757 3.240179  3.2360141 3.2279034 3.2218564 3.2191908
 3.212519  3.2085714 3.2053957 3.1967144 3.1889138 3.1880045 3.1840727
 3.1783915 3.1632283 3.157769  3.144797  3.1437035 3.1336923 3.1318626
 3.1176934 3.1111028 3.0966275 3.0751345]",2,False
bert_output,10,"[7.1712723 5.06617   3.7008984 3.6868293 3.6788762 3.6718304 3.6489527
 3.64162   3.6281307 3.6203604 3.6176476 3.6005101 3.5994174 3.5907638
 3.5830865 3.5719018 3.5717084 3.5650144 3.552839  3.5481753 3.546318
 3.5426354 3.5342498 3.5316043 3.5243382 3.5227737 3.520268  3.5083957
 3.5045593 3.5018713 3.493529  3.489303  3.481058  3.4751742 3.4714196
 3.4689064 3.4630435 3.4579892 3.4483178 3.4451132 3.442215  3.438429
 3.4340432 3.430005  3.4240863 3.42049   3.4177248 3.4135334 3.4099948
 3.404454  3.398287  3.3965561 3.3855147 3.3850758 3.3814583 3.3796396
 3.3753138 3.3731282 3.367767  3.3621302 3.359511  3.3562772 3.3544633
 3.348353  3.3407934 3.338411  3.3359478 3.3313358 3.3268008 3.3241372
 3.3213456 3.313333  3.3084197 3.3046055 3.3020606 3.2968168 3.2917752
 3.291123  3.288176  3.285769  3.2794647 3.276269  3.2726989 3.2703435
 3.2685225 3.2669322 3.2637708 3.25401   3.2526226 3.2481163 3.2472558
 3.2430444 3.240343  3.2383277 3.2342277 3.229168  3.2265978 3.2220163
 3.2195482 3.2133667 3.2075193 3.2056296 3.2030373 3.199383  3.1985974
 3.1947763 3.189173  3.187351  3.1854904 3.181584  3.179088  3.174265
 3.1697032 3.165862  3.159946  3.157672  3.1558259 3.1539788 3.1517675
 3.1463392 3.1450658 3.14094   3.137668  3.1324146 3.1294606 3.1274614
 3.1264732 3.121161  3.1196184 3.115282  3.110643  3.1077096 3.106309
 3.1001668 3.0968592 3.092654  3.0901837 3.0860362 3.081137  3.0773306
 3.0750432 3.0720325 3.0705245 3.065517  3.0630589 3.060452  3.059651
 3.056592  3.053673  3.0442379 3.041389  3.040587  3.0375934 3.0372198
 3.0316932 3.0270991 3.0263283 3.022424  3.0205288 3.0181854 3.013136
 3.0104494 3.007759  3.004091  2.9992778 2.997974  2.9943504 2.9929519
 2.9875631 2.9856207 2.981973  2.978607  2.977215  2.9737885 2.967888
 2.9665952 2.9619868 2.9589353 2.9571595 2.954632  2.9453387 2.9446206
 2.9420516 2.9404001 2.9383366 2.9375317 2.9348671 2.929727  2.9278643
 2.92615   2.9231536 2.9185443 2.9162703 2.9098227 2.9086893 2.908069
 2.9058425 2.9023237 2.894932  2.8893127 2.8858106 2.8841958 2.8805861
 2.8783627 2.8753545 2.8702204 2.8651412 2.862994  2.861589  2.8593407
 2.857574  2.8567917 2.850605  2.8473907 2.8444088 2.843977  2.8400583
 2.8363426 2.8347187 2.8330848 2.8299484 2.826188  2.8207414 2.8181717
 2.8174427 2.8143284 2.8105154 2.8072078 2.8057618 2.8029397 2.8001485
 2.794404  2.7890491 2.7866619 2.7825954 2.7822526 2.779678  2.7782266
 2.7747135 2.769269  2.7643785 2.7601087 2.7593796 2.7568233 2.753195
 2.7512274 2.7445874 2.7415946 2.7383242 2.7372806 2.7323241 2.72806
 2.725048  2.721627  2.7197082 2.71842   2.7163274 2.7134395 2.7126365
 2.7071753 2.704389  2.6993895 2.6965163 2.6935601 2.6919656 2.6907082
 2.6856256 2.6803265 2.6758606 2.672575  2.671907  2.6680439 2.6652281
 2.6610634 2.6585429 2.655868  2.6495883 2.646915  2.644755  2.641932
 2.6387439 2.6379077 2.6307805 2.6293662 2.6264238 2.621654  2.6196103
 2.6171875 2.6147618 2.6128614 2.611617  2.6043959 2.603686  2.601147
 2.596289  2.5935488 2.5896347 2.5872405 2.584731  2.582946  2.5783968
 2.5744793 2.573227  2.5687084 2.5646358 2.560206  2.5560775 2.5521634
 2.549464  2.5418537 2.5411575 2.5384402 2.5353045 2.5332627 2.5256855
 2.523592  2.5219872 2.5211031 2.5176353 2.5135143 2.5097358 2.506308
 2.5038867 2.4988332 2.49707   2.4914155 2.4875066 2.4856217 2.4833176
 2.4780853 2.4762223 2.4706857 2.4696128 2.464652  2.4615808 2.4597566
 2.4564216 2.4535904 2.4470155 2.441136  2.4372447 2.4336338 2.4300532
 2.4277296 2.421424  2.4197333 2.4167004 2.4155877 2.4132454 2.405383
 2.3985474 2.3881924 2.3871434 2.3838227 2.3794012 2.3726673 2.3715498
 2.3680992 2.365254  2.3571954 2.3518534 2.3499644 2.3439443 2.341973
 2.3352702 2.329486  2.3259141 2.3200269 2.316949  2.3140929 2.3065526
 2.3048518 2.2971802 2.2917302 2.2846384 2.279589  2.2678554 2.2636995
 2.2583106 2.2510421 2.2415884 2.2334142 2.221844  2.2126415]",0,False
bert_output,10,[7.8796163  3.050685   3.0369895  ... 0.6146847  0.6118034  0.60357517],1,False
bert_output,10,"[8.428672  4.320491  4.2883816 4.268033  4.2383018 4.2108264 4.205588
 4.191452  4.1750464 4.150265  4.143267  4.1342597 4.1229286 4.1153355
 4.106989  4.09048   4.0885787 4.0854635 4.077424  4.0732102 4.059412
 4.054216  4.047936  4.0434556 4.0396433 4.0318623 4.0269837 4.0195637
 4.0127225 4.009556  4.005298  4.001169  3.9922538 3.985782  3.980537
 3.9759085 3.9677393 3.9639218 3.9597766 3.9586074 3.9553912 3.9467244
 3.9399846 3.9366372 3.9309635 3.9289773 3.9226284 3.920003  3.9142551
 3.9078548 3.904461  3.903611  3.8936028 3.8902833 3.884725  3.8837824
 3.8716743 3.8693886 3.8636215 3.8602328 3.8570595 3.8476474 3.8421135
 3.8410575 3.836343  3.832626  3.8253334 3.8236444 3.8189178 3.8147116
 3.8121228 3.8092856 3.8072236 3.797575  3.7940676 3.7915587 3.7879121
 3.786061  3.7816036 3.7752492 3.7727916 3.7657378 3.76366   3.760921
 3.7598772 3.75481   3.7481794 3.7456627 3.740747  3.7377713 3.7349966
 3.7307785 3.729285  3.7219474 3.7155385 3.7111356 3.7084477 3.705952
 3.6999507 3.6948369 3.6921852 3.6895103 3.681881  3.6776533 3.6724985
 3.671574  3.6640587 3.6624107 3.6599162 3.6551669 3.6541996 3.650512
 3.6487195 3.6447935 3.643209  3.636406  3.631539  3.6279836 3.6258729
 3.6198373 3.6173537 3.6131337 3.6056323 3.6048198 3.599675  3.5954883
 3.5915    3.5902586 3.587203  3.5810857 3.576061  3.572993  3.5692425
 3.5654795 3.563228  3.5594115 3.5585876 3.5536904 3.5525022 3.546312
 3.5413334 3.539629  3.5349464 3.5328805 3.5317867 3.5254903 3.5213192
 3.515503  3.5140734 3.5108511 3.5073333 3.502563  3.5001109 3.4912083
 3.490092  3.4876056 3.4852724 3.4818225 3.4759767 3.4737158 3.4685173
 3.4636629 3.462767  3.4572775 3.4526641 3.449325  3.4459043 3.440055
 3.4370885 3.4304037 3.4293587 3.4270425 3.4244533 3.419461  3.4152756
 3.4118721 3.4078093 3.4002724 3.3983974 3.3931708 3.3899662 3.3873296
 3.3827972 3.3816986 3.3745148 3.3703394 3.3646646 3.3602643 3.358145
 3.3528361 3.351501  3.345543  3.3448005 3.3360322 3.3355346 3.3297684
 3.324816  3.3221812 3.3186564 3.3156514 3.3119233 3.3053284 3.3031583
 3.297139  3.2956133 3.291972  3.2883973 3.28553   3.275752  3.2717574
 3.2647345 3.2616472 3.2514284 3.2492712 3.2456625 3.2376623 3.2350771
 3.2322233 3.2287693 3.224557  3.220577  3.213955  3.2121284 3.2058907
 3.1972725 3.1942618 3.1926541 3.1869361 3.1818306 3.176191  3.1726437
 3.1657615 3.163252  3.1561613 3.1491182 3.1476295 3.140666  3.1377726
 3.1326106 3.129326  3.1226304 3.1172585 3.1066968 3.1036456 3.0989559
 3.0915673 3.0818493 3.0791044 3.0727108 3.0674365 3.0617301 3.050729
 3.0466244 3.0307357 3.0199618 3.0073853]",2,False
bert_output,11,"[3.702921  3.5908818 3.52587   3.507939  3.4953628 3.4678252 3.4575992
 3.4532962 3.4486485 3.4398525 3.4378004 3.4239097 3.4087882 3.4020467
 3.3986716 3.3940725 3.3858287 3.3827524 3.3780081 3.36926   3.362433
 3.3586192 3.3556035 3.348373  3.3412616 3.340019  3.3350775 3.3315396
 3.3257987 3.3180695 3.31675   3.3128192 3.3070893 3.3032656 3.2999685
 3.295813  3.2908576 3.2853644 3.2828717 3.2788305 3.2737517 3.2646158
 3.2636795 3.2608478 3.257963  3.2508683 3.2467957 3.2430704 3.2390337
 3.2358909 3.231983  3.2268934 3.2246985 3.2181475 3.2172604 3.2139578
 3.2108278 3.2083654 3.2017388 3.1986494 3.1932507 3.186215  3.1798067
 3.1795871 3.1773338 3.1762233 3.1696527 3.1654584 3.164354  3.156848
 3.1534698 3.1498227 3.149015  3.1465032 3.1390903 3.1377814 3.1323547
 3.1319025 3.1260831 3.1248007 3.123045  3.1194415 3.1137152 3.1103723
 3.1078656 3.1038098 3.0977342 3.0949552 3.0911849 3.0891807 3.0853157
 3.082078  3.0791888 3.0745518 3.073378  3.0686705 3.0662885 3.0631318
 3.0596976 3.0575283 3.0531461 3.0511973 3.0501604 3.0455444 3.0426888
 3.03795   3.0348089 3.033084  3.0294638 3.0235474 3.020803  3.0191772
 3.0132296 3.0120173 3.0099437 3.0071595 3.0021484 3.0012107 2.9995925
 2.9918625 2.9884694 2.9874072 2.9845688 2.9835079 2.981786  2.976388
 2.97485   2.9706416 2.9689457 2.9656694 2.9617207 2.9569733 2.9507363
 2.9491096 2.9469714 2.9440553 2.9421551 2.94107   2.9389322 2.934427
 2.9268765 2.9265447 2.923727  2.9216707 2.9179697 2.9123974 2.9118302
 2.9079795 2.9022179 2.8999677 2.8994136 2.895146  2.8927004 2.8892834
 2.8835485 2.8824012 2.8775876 2.874552  2.8724372 2.8707235 2.866252
 2.8657756 2.862508  2.8612432 2.8576856 2.8556812 2.8500226 2.8453903
 2.8439386 2.841179  2.8391907 2.834254  2.8315845 2.828889  2.8221853
 2.8172078 2.815389  2.8141985 2.8104477 2.8080344 2.80591   2.8034642
 2.801701  2.7987623 2.796588  2.7905068 2.788477  2.7872996 2.7837172
 2.780774  2.7788837 2.7783754 2.7754345 2.7742965 2.7697685 2.767363
 2.7627807 2.7609277 2.7577662 2.7531898 2.7490385 2.7469654 2.7442186
 2.743264  2.7410662 2.7360966 2.7345688 2.7301614 2.7293804 2.7279782
 2.7222912 2.7197533 2.7170477 2.7148962 2.7114322 2.7091599 2.7048087
 2.7010214 2.6969373 2.6962678 2.6919887 2.6906004 2.6887004 2.6827016
 2.6805859 2.6770685 2.6738791 2.6714168 2.6704493 2.667927  2.6651938
 2.661065  2.6572573 2.6529262 2.6520267 2.6494164 2.648958  2.6444926
 2.6418855 2.638143  2.6363194 2.6341834 2.6324255 2.6281555 2.627146
 2.6254954 2.6224415 2.619636  2.6115124 2.6091483 2.6067147 2.6017325
 2.5983825 2.5951076 2.5918465 2.5905466 2.5880923 2.5853865 2.5807214
 2.5787377 2.5758884 2.5731072 2.5680213 2.5657344 2.5606577 2.5577831
 2.5561051 2.5540023 2.5515192 2.5445874 2.5435889 2.5405958 2.5401096
 2.5336015 2.53053   2.527688  2.5259032 2.5236118 2.5220406 2.5209908
 2.5169842 2.510607  2.5081773 2.5070875 2.502354  2.4994805 2.497506
 2.4950826 2.4939702 2.4934494 2.489409  2.4859045 2.4828758 2.4793694
 2.4751236 2.4743264 2.470089  2.466712  2.463858  2.460313  2.4584532
 2.453856  2.452863  2.4475255 2.442957  2.4401338 2.4380803 2.433213
 2.4316308 2.4300308 2.4227107 2.419912  2.4179366 2.413743  2.4106214
 2.40746   2.4061992 2.4025583 2.3982043 2.3944986 2.3937829 2.38948
 2.385592  2.382958  2.3778625 2.3742058 2.3687553 2.3658772 2.362312
 2.3610668 2.356655  2.3546455 2.3505921 2.346168  2.3423083 2.3398502
 2.3354585 2.333367  2.332223  2.3277028 2.3241317 2.3216326 2.3148315
 2.3097277 2.3078866 2.3022854 2.30009   2.2970617 2.2926388 2.28494
 2.2799044 2.2779925 2.2747724 2.2722266 2.2673948 2.2614124 2.2575526
 2.2536168 2.249901  2.2458887 2.242653  2.2391162 2.2360144 2.2281103
 2.2265506 2.2212133 2.2135618 2.2121825 2.2077272 2.2068148 2.1986618
 2.1897786 2.1849883 2.1798153 2.169733  2.16771   2.1664557 2.1529243
 2.1501687 2.145668  2.128875  2.1181881 2.1078897 2.0869393]",0,False
bert_output,11,[3.1046314  3.0014572  2.8879128  ... 0.5900135  0.58286554 0.5695963 ],1,False
bert_output,11,"[4.1662874 4.1201453 4.010088  3.9979768 3.9802983 3.974063  3.9646072
 3.9484956 3.9434488 3.9351926 3.9294844 3.9227858 3.9155157 3.9115486
 3.9059267 3.904459  3.890072  3.887546  3.876357  3.8702888 3.8688643
 3.8625543 3.8523862 3.8473282 3.8418417 3.8310766 3.827476  3.8236053
 3.8190718 3.8156984 3.8095658 3.8081892 3.804603  3.7957783 3.7948308
 3.7874138 3.786063  3.779568  3.7785177 3.7721596 3.7638931 3.7582653
 3.7560656 3.7487166 3.7452424 3.737115  3.7321665 3.730345  3.7285945
 3.7218225 3.7182794 3.714078  3.711438  3.7079246 3.7017305 3.697462
 3.6918337 3.686186  3.6833036 3.6815794 3.675583  3.6741393 3.6673095
 3.6664407 3.6603665 3.6577795 3.6489203 3.6464055 3.6389096 3.6359613
 3.6331258 3.6279843 3.6251066 3.6219983 3.6178849 3.6144156 3.6092215
 3.6076288 3.606619  3.59922   3.5936894 3.5890012 3.5852356 3.5843809
 3.5784853 3.5754547 3.5656736 3.5648956 3.5604415 3.5600834 3.5567894
 3.5488908 3.5477674 3.5444906 3.5387561 3.5379536 3.5292966 3.527766
 3.5274978 3.5228872 3.5154893 3.5123396 3.5086288 3.5048897 3.500891
 3.4981425 3.4943287 3.4909163 3.487371  3.48409   3.4783359 3.4770565
 3.472542  3.470709  3.4642587 3.4596655 3.4572    3.4528518 3.4472842
 3.445141  3.4420924 3.4394152 3.4378335 3.4346066 3.4316561 3.4304204
 3.4214754 3.4202147 3.4183748 3.4132335 3.4100227 3.4036765 3.401246
 3.3949926 3.3936315 3.3910775 3.3868923 3.383976  3.3829877 3.378989
 3.3741202 3.3693647 3.3663473 3.3650246 3.359056  3.3535523 3.3524222
 3.3484745 3.3461082 3.3407006 3.3376129 3.3349538 3.3305948 3.3269277
 3.3246257 3.320506  3.3194664 3.3162482 3.3112264 3.3070738 3.305018
 3.301055  3.292592  3.2915823 3.290366  3.2859638 3.2825835 3.2759778
 3.2734373 3.2692823 3.2628016 3.2610054 3.2582893 3.255572  3.2511714
 3.2498188 3.2461746 3.2422156 3.2368824 3.23314   3.232706  3.228817
 3.2237043 3.2205088 3.2161167 3.211483  3.2069206 3.2064464 3.2016943
 3.1967046 3.1943994 3.1897082 3.184207  3.1818154 3.1793036 3.1739705
 3.1737192 3.1690562 3.1633327 3.1598213 3.1595037 3.1555834 3.1515076
 3.1446245 3.1414628 3.1383193 3.1371517 3.129083  3.1263645 3.1198382
 3.115577  3.1068156 3.105018  3.1017187 3.0974448 3.0960398 3.093303
 3.0870821 3.0792677 3.0719118 3.0686927 3.0639405 3.0613256 3.0568397
 3.050089  3.0410652 3.0392644 3.037351  3.0314739 3.0269945 3.022003
 3.0159729 3.01499   3.013172  3.00545   3.0021505 2.998212  2.9952679
 2.9799979 2.9755838 2.973983  2.9681928 2.9608436 2.9535418 2.9458327
 2.9435372 2.9356174 2.9298558 2.926219  2.9139597 2.9109704 2.9022477
 2.895798  2.8850448 2.8793092 2.8606098]",2,False
